loja,termo_busca,id,sku,nome,modelo,fabricante,preco_original,preco_venda,desconto,estoque,disponivel,vendedor,avaliacao,qtd_avaliacoes,url,imagem,preco_num,ram_gb,armazenamento_gb,modelo_norm,motivos_exclusao,valida
Kabum,galaxy s26,1029920,,"Celular Samsung Galaxy S26 Ultra De 512gb 12gb Ram De 6.9"" 200+50+10+50mp 12mp - Preto",celular-samsung-galaxy-s26-ultra-sm-s948b-nfc-dual-sim-de-512gb-12gb-ram-de-6-9-200-50-10-50mp-12mp-preto,Samsung,8887.78,7999.0,10.0,27,True,NOVA ERA COMERCIO DE CELULARES LTDA,0.0,0,https://www.kabum.com.br/produto/1029920,https://images.kabum.com.br/produtos/fotos/sync_mirakl/1029920/Celular-Samsung-Galaxy-S26-Ultra-De-512gb-12gb-Ram-De-6-9-200-50-10-50mp-12mp-Preto_1784235516.webp,7999.0,12.0,512.0,celular-samsung-galaxy-s26-ultra-sm-s948b-nfc-dual-sim-de-512gb-12gb-ram-de-6-9-200-50-10-50mp-12mp-preto,,True
Kabum,galaxy s26,1007575,,"Smartphone Samsung Galaxy S26, 256GB, 12GB RAM, Octa Core, Câmera Tripla de 50MP, Tela de 6.3"", Violeta - SM-S942BZVSZTO",smartphone-samsung-galaxy-s26-256gb-12gb-ram-octa-core-camera-tripla-de-50mp-tela-de-6-3-violeta-sm-s942bzvszto,Samsung,5332.22,4799.0,10.0,0,True,Magalu,0.0,0,https://www.kabum.com.br/produto/1007575,https://images.kabum.com.br/produtos/fotos/magalu/1007575/Samsung-Galaxy-S26-Violeta-5G-256GB-Galaxy-AI-6-3-12GB-RAM-C-m-Tripla-50-12-10MP-Bateria-4300mAh-Dual-Chip_1779803617.jpg,4799.0,12.0,256.0,smartphone-samsung-galaxy-s26-256gb-12gb-ram-octa-core-camera-tripla-de-50mp-tela-de-6-3-violeta-sm-s942bzvszto,,True
Kabum,galaxy s26,1007561,,"Smartphone Samsung Galaxy S26, 256GB, 12GB RAM, 5G, Inteligência Artificial, Câmera Tripla de 50MP, Tela de 6.3"", Branco - SM-S942BZWSZTO",smartphone-samsung-galaxy-s26-256gb-12gb-ram-5g-inteligencia-artificial-camera-tripla-de-50mp-tela-de-6-3-branco-sm-s942bzwszto,Samsung,5332.22,4799.0,10.0,0,True,Magalu,0.0,0,https://www.kabum.com.br/produto/1007561,https://images.kabum.com.br/produtos/fotos/1007561/samsung-galaxy-s26-256gb_1779803088_original.jpg,4799.0,12.0,256.0,smartphone-samsung-galaxy-s26-256gb-12gb-ram-5g-inteligencia-artificial-camera-tripla-de-50mp-tela-de-6-3-branco-sm-s942bzwszto,,True
Kabum,galaxy s26,1007578,,"Smartphone Samsung Galaxy S26, 256GB, 12GB RAM, Octa Core, Câmera Tripla de 50MP, Tela de 6.3"", Azul - SM-S942BLBSZTO",smartphone-samsung-galaxy-s26-256gb-12gb-ram-octa-core-camera-tripla-de-50mp-tela-de-6-3-azul-sm-s942blbszto,Samsung,5332.22,4799.0,10.0,0,True,Magalu,0.0,0,https://www.kabum.com.br/produto/1007578,https://images.kabum.com.br/produtos/fotos/magalu/1007578/Samsung-Galaxy-S26-Azul-5G-256GB-Galaxy-AI-6-3-12GB-RAM-C-m-Tripla-50-12-10MP-Bateria-4300mAh-Dual-Chip_1776108207.jpg,4799.0,12.0,256.0,smartphone-samsung-galaxy-s26-256gb-12gb-ram-octa-core-camera-tripla-de-50mp-tela-de-6-3-azul-sm-s942blbszto,,True
Kabum,galaxy s26,1048105,,"Celular Samsung Galaxy S26 Ultra De 256gb 12gb Ram De 6.9"" 200+50+10+50mp 12mp - Preto",celular-samsung-galaxy-s26-ultra-de-256gb-12gb-ram-de-6-9-200-50-10-50mp-12mp-preto,Samsung,7998.89,7199.0,10.0,34,True,NOVA ERA COMERCIO DE CELULARES LTDA,0.0,0,https://www.kabum.com.br/produto/1048105,https://images.kabum.com.br/produtos/fotos/sync_mirakl/1048105/Celular-Samsung-Galaxy-S26-Ultra-De-256gb-12gb-Ram-De-6-9-200-50-10-50mp-12mp-Preto_1784235515.webp,7199.0,12.0,256.0,celular-samsung-galaxy-s26-ultra-de-256gb-12gb-ram-de-6-9-200-50-10-50mp-12mp-preto,,True
Kabum,galaxy s26,1007564,,"Samsung Galaxy S26 Ultra 5G 512GB Galaxy AI Violeta 6,9"" 12GB RAM Câm. Quádrupla 200+50+10+50MP Bateria 5000mAh Dual Chip",samsung-galaxy-s26-ultra-5g-512gb-galaxy-ai-violeta-6-9-12gb-ram-cam-quadrupla-200-50-10-50mp-bateria-5000mah-dual-chip,Samsung,13099.0,11789.1,10.0,0,True,Magalu,0.0,0,https://www.kabum.com.br/produto/1007564,https://images.kabum.com.br/produtos/fotos/magalu/1007564/Samsung-Galaxy-S26-Ultra-5G-512GB-Galaxy-AI-Violeta-6-9-12GB-RAM-C-m-Qu-drupla-200-50-10-50MP-Bateria-5000mAh-Dual-Chip_1783102321.jpg,11789.1,12.0,512.0,samsung-galaxy-s26-ultra-5g-512gb-galaxy-ai-violeta-6-9-12gb-ram-cam-quadrupla-200-50-10-50mp-bateria-5000mah-dual-chip,,True
Kabum,galaxy s26,1007577,,"Samsung Galaxy S26 Ultra 5G, 512GB, Galaxy AI, 6.9"", 12GB RAM, Câm. Quádrupla 200+50+10+50MP, Bateria 5000mAh, Dual Chip, Branco",samsung-galaxy-s26-ultra-5g-512gb-galaxy-ai-6-9-12gb-ram-cam-quadrupla-200-50-10-50mp-bateria-5000mah-dual-chip-branco,Samsung,13099.0,11789.1,10.0,0,True,Magalu,0.0,0,https://www.kabum.com.br/produto/1007577,https://images.kabum.com.br/produtos/fotos/magalu/1007577/Samsung-Galaxy-S26-Ultra-5G-512GB-Galaxy-AI-Branco-6-9-12GB-RAM-C-m-Qu-drupla-200-50-10-50MP-Bateria-5000mAh-Dual-Chip_1783102275.jpg,11789.1,12.0,512.0,samsung-galaxy-s26-ultra-5g-512gb-galaxy-ai-6-9-12gb-ram-cam-quadrupla-200-50-10-50mp-bateria-5000mah-dual-chip-branco,,True
Kabum,galaxy s26,1007574,,"Samsung Galaxy S26+ 5G, 512GB, Galaxy AI, 6.7"", 12GB RAM, Câm. Tripla 50+12+10MP, Bateria 4900mAh, Dual Chip, Preto",samsung-galaxy-s26-5g-512gb-galaxy-ai-6-7-12gb-ram-cam-tripla-50-12-10mp-bateria-4900mah-dual-chip-preto,Samsung,10799.0,9719.1,10.0,0,True,Magalu,0.0,0,https://www.kabum.com.br/produto/1007574,https://images.kabum.com.br/produtos/fotos/1007574/samsung-galaxy-s26-512g_1772154517_original.jpg,9719.1,12.0,512.0,samsung-galaxy-s26-5g-512gb-galaxy-ai-6-7-12gb-ram-cam-tripla-50-12-10mp-bateria-4900mah-dual-chip-preto,,True
Kabum,galaxy s26,1007565,,"Samsung Galaxy S26+ 5G, 512GB, 12GB RAM, Galaxy AI, 6,7"", Câm. Tripla 50+12+10MP, Bateria 4900mAh, Dual Chip, Violeta",samsung-galaxy-s26-5g-512gb-12gb-ram-galaxy-ai-6-7-cam-tripla-50-12-10mp-bateria-4900mah-dual-chip-violeta,Samsung,10799.0,9719.1,10.0,0,True,Magalu,0.0,0,https://www.kabum.com.br/produto/1007565,https://images.kabum.com.br/produtos/fotos/magalu/1007565/Samsung-Galaxy-S26-Violeta-5G-512GB-Galaxy-AI-6-7-12GB-RAM-C-m-Tripla-50-12-10MP-Bateria-4900mAh-Dual-Chip_1783102725.jpg,9719.1,12.0,512.0,samsung-galaxy-s26-5g-512gb-12gb-ram-galaxy-ai-6-7-cam-tripla-50-12-10mp-bateria-4900mah-dual-chip-violeta,,True
Kabum,galaxy s26,1007560,,"Smartphone Samsung Galaxy S26 Ultra, 256GB, 12GB RAM, Snapdragon 8 Elite, Câmera Quádrupla 200MP, Tela de 6.9"", Azul",smartphone-samsung-galaxy-s26-ultra-256gb-12gb-ram-snapdragon-8-elite-camera-quadrupla-200mp-tela-de-6-9-azul,Samsung,11499.0,10349.1,10.0,0,True,Magalu,0.0,0,https://www.kabum.com.br/produto/1007560,https://images.kabum.com.br/produtos/fotos/1007560/samsung-galaxy-s26-ultra_1780942513_original.jpg,10349.1,12.0,256.0,smartphone-samsung-galaxy-s26-ultra-256gb-12gb-ram-snapdragon-8-elite-camera-quadrupla-200mp-tela-de-6-9-azul,,True
Kabum,galaxy s26,1007566,,"Samsung Galaxy S26+ 5G 512GB, 12GB RAM, Galaxy AI, 6,7"", Câm. Tripla 50+12+10MP, Bateria, 4900mAh, Dual Chip, Branco",samsung-galaxy-s26-5g-512gb-12gb-ram-galaxy-ai-6-7-cam-tripla-50-12-10mp-bateria-4900mah-dual-chip-branco,Samsung,10799.0,9719.1,10.0,0,True,Magalu,0.0,0,https://www.kabum.com.br/produto/1007566,https://images.kabum.com.br/produtos/fotos/magalu/1007566/Samsung-Galaxy-S26-Branco-5G-512GB-Galaxy-AI-6-7-12GB-RAM-C-m-Tripla-50-12-10MP-Bateria-4900mAh-Dual-Chip_1783102378.jpg,9719.1,12.0,512.0,samsung-galaxy-s26-5g-512gb-12gb-ram-galaxy-ai-6-7-cam-tripla-50-12-10mp-bateria-4900mah-dual-chip-branco,,True
Kabum,galaxy s26,1007569,,"Samsung Galaxy S26 Ultra 5G, 512GB, Galaxy AI, 6,9"", 12GB RAM, Câm. Quádrupla 200+50+10+50MP, Bateria 5000mAh, Dual Chip, Azul",samsung-galaxy-s26-ultra-5g-512gb-galaxy-ai-6-9-12gb-ram-cam-quadrupla-200-50-10-50mp-bateria-5000mah-dual-chip-azul,Samsung,13099.0,11789.1,10.0,0,True,MagaLu,0.0,0,https://www.kabum.com.br/produto/1007569,https://images.kabum.com.br/produtos/fotos/magalu/1007569/Samsung-Galaxy-S26-Ultra-5G-512GB-Galaxy-AI-Azul-6-9-12GB-RAM-C-m-Qu-drupla-200-50-10-50MP-Bateria-5000mAh-Dual-Chip_1783102213.jpg,11789.1,12.0,512.0,samsung-galaxy-s26-ultra-5g-512gb-galaxy-ai-6-9-12gb-ram-cam-quadrupla-200-50-10-50mp-bateria-5000mah-dual-chip-azul,,True
Kabum,galaxy s26,1007568,,SAMSUNG GALAXY S26 ULTRA,samsung-galaxy-s26-ultra,Samsung,11499.0,10349.1,10.0,0,True,Magalu,0.0,0,https://www.kabum.com.br/produto/1007568,https://images.kabum.com.br/produtos/fotos/magalu/1007568/Samsung-Galaxy-S26-Ultra-5G-256GB-Galaxy-AI-Preto-6-9-12GB-RAM-C-m-Qu-drupla-200-50-10-50MP-Bateria-5000mAh-Dual-Chip_1783102080.jpg,10349.1,,,samsung-galaxy-s26-ultra,,True
Kabum,galaxy s26,1007583,,SAMSUNG GALAXY S26 ULTRA,samsung-galaxy-s26-ultra,Samsung,15499.0,13949.1,10.0,0,True,Magalu,0.0,0,https://www.kabum.com.br/produto/1007583,https://images.kabum.com.br/produtos/fotos/magalu/1007583/Samsung-Galaxy-S26-Ultra-5G-1TB-Galaxy-AI-Azul-6-9-12GB-RAM-C-m-Qu-drupla-200-50-10-50MP-Bateria-5000mAh-Dual-Chip_1780941952.jpg,13949.1,,,samsung-galaxy-s26-ultra,,True
Kabum,galaxy s26,1007571,,SAMSUNG GALAXY S26+ 256G,samsung-galaxy-s26-256g,Samsung,9199.0,8279.1,10.0,0,True,Magalu,0.0,0,https://www.kabum.com.br/produto/1007571,https://images.kabum.com.br/produtos/fotos/1007571/samsung-galaxy-s26-256g_1787337230_original.jpg,8279.1,,,samsung-galaxy-s26-256g,,True
Kabum,galaxy s26,1007584,,"Smartphone Samsung Galaxy S26+, 512GB, 12GB RAM, Octa Core, Câmera Tripla de 50MP, Tela de 6.7"", Azul - SM-S947BLBSZTO",smartphone-samsung-galaxy-s26-512gb-12gb-ram-octa-core-camera-tripla-de-50mp-tela-de-6-7-azul-sm-s947blbszto,Samsung,10799.0,9719.1,10.0,0,True,Magalu,0.0,0,https://www.kabum.com.br/produto/1007584,https://images.kabum.com.br/produtos/fotos/1007584/samsung-galaxy-s26-512g_1779814961_original.jpg,9719.1,12.0,512.0,smartphone-samsung-galaxy-s26-512gb-12gb-ram-octa-core-camera-tripla-de-50mp-tela-de-6-7-azul-sm-s947blbszto,,True
Kabum,galaxy s26,1007567,,SAMSUNG GALAXY S26 ULTRA,samsung-galaxy-s26-ultra,Samsung,11499.0,10349.1,10.0,0,True,Magalu,0.0,0,https://www.kabum.com.br/produto/1007567,https://images.kabum.com.br/produtos/fotos/magalu/1007567/Samsung-Galaxy-S26-Ultra-5G-256GB-Galaxy-AI-Violeta-6-9-12GB-RAM-C-m-Qu-drupla-200-50-10-50MP-Bateria-5000mAh-Dual-Chip_1783102137.jpg,10349.1,,,samsung-galaxy-s26-ultra,,True
Kabum,galaxy s26,1011900,,Capa Protetora Robusta Magnética Samsung Galaxy S26+ Preto,capa-protetora-robusta-magnetica-samsung-galaxy-s26-preto,Samsung,219.0,219.0,0.0,0,True,MASTERCELL,0.0,0,https://www.kabum.com.br/produto/1011900,https://images.kabum.com.br/produtos/fotos/sync_mirakl/1011900/Capa-Protetora-Robusta-Magn-tica-Samsung-Galaxy-S26-Preto_1790072025.jpg,219.0,,,capa-protetora-robusta-magnetica-samsung-galaxy-s26-preto,preço incompatível com smartphone do escopo,False
Kabum,galaxy s26,1007572,,SAMSUNG GALAXY S26 ULTRA,samsung-galaxy-s26-ultra,Samsung,11499.0,10349.1,10.0,0,True,Magalu,0.0,0,https://www.kabum.com.br/produto/1007572,https://images.kabum.com.br/produtos/fotos/magalu/1007572/Samsung-Galaxy-S26-Ultra-5G-256GB-Galaxy-AI-Branco-6-9-12GB-RAM-C-m-Qu-drupla-200-50-10-50MP-Bateria-5000mAh-Dual-Chip_1783101995.jpg,10349.1,,,samsung-galaxy-s26-ultra,,True
Kabum,galaxy s26,1011906,,Capa Protetora Slim Magnética Samsung Galaxy S26+ Cinza,capa-protetora-slim-magnetica-samsung-galaxy-s26-cinza,Samsung,189.0,189.0,0.0,0,True,MASTERCELL,0.0,0,https://www.kabum.com.br/produto/1011906,https://images.kabum.com.br/produtos/fotos/sync_mirakl/1011906/Capa-Protetora-Slim-Magn-tica-Samsung-Galaxy-S26-Cinza_1790072022.jpg,189.0,,,capa-protetora-slim-magnetica-samsung-galaxy-s26-cinza,preço incompatível com smartphone do escopo,False
Kabum,galaxy s26,1011929,,Capa Protetora Slim Magnética Samsung Galaxy S26+ Azul Claro,capa-protetora-slim-magnetica-samsung-galaxy-s26-azul-claro,Samsung,189.0,189.0,0.0,0,True,MASTERCELL,0.0,0,https://www.kabum.com.br/produto/1011929,https://images.kabum.com.br/produtos/fotos/sync_mirakl/1011929/Capa-Protetora-Slim-Magn-tica-Samsung-Galaxy-S26-Azul-Claro_1790072024.jpg,189.0,,,capa-protetora-slim-magnetica-samsung-galaxy-s26-azul-claro,preço incompatível com smartphone do escopo,False
Kabum,galaxy s26,1072794,,Cabo Samsung Usb-c S24 Ultra S26 Ultra S25ultra S26,cabo-samsung-usb-c-s24-ultra-s26-ultra-s25ultra-s26,Samsung,24.99,24.99,0.0,0,True,TYRU SHOPs,0.0,0,https://www.kabum.com.br/produto/1072794,https://images.kabum.com.br/produtos/fotos/sync_mirakl/1072794/Cabo-Samsung-Usb-c-S24-Ultra-S26-Ultra-S25ultra-S26_1789061626.png,24.99,,,cabo-samsung-usb-c-s24-ultra-s26-ultra-s25ultra-s26,preço incompatível com smartphone do escopo,False
Kabum,galaxy s26,1072798,,Cabo Samsung Usb-c Pra Usb-c A36 A56 A57 S24fe S25fe S26fe,cabo-samsung-usb-c-pra-usb-c-a36-a56-a57-s24fe-s25fe-s26fe,Samsung,24.99,24.99,0.0,0,True,TYRU SHOPs,0.0,0,https://www.kabum.com.br/produto/1072798,https://images.kabum.com.br/produtos/fotos/sync_mirakl/1072798/Cabo-Samsung-Usb-c-Pra-Usb-c-A36-A56-A57-S24fe-S25fe-S26fe_1789061628.png,24.99,,,cabo-samsung-usb-c-pra-usb-c-a36-a56-a57-s24fe-s25fe-s26fe,preço incompatível com smartphone do escopo,False
Kabum,galaxy s25,703060,,"Samsung Galaxy S25 5G 256GB Galaxy AI Prata 6,2"" 12GB RAM Câm. Tripla 50+12+10MP Bateria 4000mAh Dual Chip",samsung-galaxy-s25-5g-256gb-galaxy-ai-prata-6-2-12gb-ram-cam-tripla-50-12-10mp-bateria-4000mah-dual-chip,Samsung,4332.22,3899.0,10.0,0,True,Magalu,5.0,3,https://www.kabum.com.br/produto/703060,https://images.kabum.com.br/produtos/fotos/magalu/703060/Samsung-Galaxy-S25-5G-256GB-Galaxy-AI-Prata-6-2-12GB-RAM-C-m-Tripla-50-12-10MP-Bateria-4000mAh-Dual-Chip_1750435492.jpg,3899.0,12.0,256.0,samsung-galaxy-s25-5g-256gb-galaxy-ai-prata-6-2-12gb-ram-cam-tripla-50-12-10mp-bateria-4000mah-dual-chip,,True
Kabum,galaxy s25,927090,,"Smartphone Samsung Galaxy S25 Fe 5g 256gb Jetblack, Ram 8GB, Câmera 50mp, Selfie De 12mp, Tela 6.7""",smartphone-samsung-galaxy-s25-fe-5g-256gb-jetblack-ram-8gb-camera-50mp-selfie-de-12mp-tela-6-7-,Samsung,3999.0,3599.1,10.0,0,True,Magalu,5.0,1,https://www.kabum.com.br/produto/927090,https://images.kabum.com.br/produtos/fotos/sync_mirakl/927090/Smartphone-Samsung-Galaxy-S25-Fe-5g-256gb-Jetblack-Ram-8GB-C-mera-50mp-Selfie-De-12mp-Tela-6-7-_1787648932.jpg,3599.1,,256.0,smartphone-samsung-galaxy-s25-fe-5g-256gb-jetblack-ram-8gb-camera-50mp-selfie-de-12mp-tela-6-7-,,True
Kabum,galaxy s25,927091,,"Smartphone Samsung Galaxy S25 Fe 5g 128GB Jetblack, Ram 8GB, Câmera 50mp, Selfie De 12mp, Tela 6.7""",smartphone-samsung-galaxy-s25-fe-5g-128gb-jetblack-ram-8gb-camera-50mp-selfie-de-12mp-tela-6-7-,Samsung,3332.22,2999.0,10.0,0,True,MagaLu,5.0,3,https://www.kabum.com.br/produto/927091,https://images.kabum.com.br/produtos/fotos/sync_mirakl/927091/Smartphone-Samsung-Galaxy-S25-Fe-5g-128GB-Jetblack-Ram-8GB-C-mera-50mp-Selfie-De-12mp-Tela-6-7-_1787746126.jpg,2999.0,,128.0,smartphone-samsung-galaxy-s25-fe-5g-128gb-jetblack-ram-8gb-camera-50mp-selfie-de-12mp-tela-6-7-,,True
Kabum,galaxy s25,703055,,Smartphone Samsung Galaxy S25 256gb 5g 12mp 50mp 6.2” Azul Marinho,smartphone-samsung-galaxy-s25-camera-tripla-256-gb-5g-azul-marinho-s931b,Samsung,4332.22,3899.0,10.0,0,True,Magalu,5.0,1,https://www.kabum.com.br/produto/703055,https://images.kabum.com.br/produtos/fotos/sync_mirakl/703055/Smartphone-Samsung-Galaxy-S25-256gb-5g-12mp-50mp-6-2-Azul-Marinho_1772823821.jpg,3899.0,,256.0,smartphone-samsung-galaxy-s25-camera-tripla-256-gb-5g-azul-marinho-s931b,,True
Kabum,galaxy s25,703054,,"Smartphone Samsung Galaxy S25 Ultra 256gb 5g - Titânio Preto, Com Caneta S Pen, Galaxy Ai, Câmera Quadrupla 200mp + Selfie 12mp, Ram 12gb, Tela 6.9”",smartphone-samsung-galaxy-s25-ultra-256gb-5g-titanio-preto-com-caneta-s-pen-galaxy-ai-camera-quadrupla-200mp-selfie-12mp-ram-12gb-tela-6-9-,Samsung,5998.89,5399.0,10.0,0,True,Magalu,5.0,1,https://www.kabum.com.br/produto/703054,https://images.kabum.com.br/produtos/fotos/sync_mirakl/703054/Smartphone-Samsung-Galaxy-S25-Ultra-256gb-5g-Tit-nio-Preto-Com-Caneta-S-Pen-Galaxy-Ai-C-mera-Quadrupla-200mp-Selfie-12mp-Ram-12gb-Tela-6-9-_1771852526.jpg,5399.0,,256.0,smartphone-samsung-galaxy-s25-ultra-256gb-5g-titanio-preto-com-caneta-s-pen-galaxy-ai-camera-quadrupla-200mp-selfie-12mp-ram-12gb-tela-6-9-,,True
Kabum,galaxy s25,927093,,"Smartphone Samsung Galaxy S25 Fe 5g 128GB Azul Marinho, Ram 8GB, Câmera 50mp, Selfie De 12mp, Tela 6.7""",smartphone-samsung-galaxy-s25-fe-5g-128gb-azul-marinho-ram-8gb-camera-50mp-selfie-de-12mp-tela-6-7-,Samsung,3332.22,2999.0,10.0,0,True,MagaLu,5.0,1,https://www.kabum.com.br/produto/927093,https://images.kabum.com.br/produtos/fotos/sync_mirakl/927093/Smartphone-Samsung-Galaxy-S25-Fe-5g-128GB-Azul-Marinho-Ram-8GB-C-mera-50mp-Selfie-De-12mp-Tela-6-7-_1787746121.jpg,2999.0,,128.0,smartphone-samsung-galaxy-s25-fe-5g-128gb-azul-marinho-ram-8gb-camera-50mp-selfie-de-12mp-tela-6-7-,,True
Kabum,galaxy s25,927087,,"Smartphone Samsung Galaxy S25 Fe 5g 256gb Azul Marinho, Ram 8GB, Câmera 50mp, Selfie De 12mp, Tela 6.7”",smartphone-samsung-galaxy-s25-fe-5g-256gb-azul-marinho-ram-8gb-camera-50mp-selfie-de-12mp-tela-6-7-,Samsung,3999.0,3599.1,10.0,0,True,Magalu,0.0,0,https://www.kabum.com.br/produto/927087,https://images.kabum.com.br/produtos/fotos/sync_mirakl/927087/Smartphone-Samsung-Galaxy-S25-Fe-5g-256gb-Azul-Marinho-Ram-8GB-C-mera-50mp-Selfie-De-12mp-Tela-6-7-_1771852614.jpg,3599.1,,256.0,smartphone-samsung-galaxy-s25-fe-5g-256gb-azul-marinho-ram-8gb-camera-50mp-selfie-de-12mp-tela-6-7-,,True
Kabum,galaxy s25,876185,,"Celular Samsung Galaxy S25 Edge 5g, 512gb, 12gb Ram, Câmera Dupla De Até 200mp, Tela Grande De 6.7” - Titânio Jetblack",celular-samsung-galaxy-s25-edge-5g-512gb-12gb-ram-camera-dupla-de-ate-200mp-tela-grande-de-6-7-titanio-jetblack,Samsung,4229.0,4017.55,5.0,0,True,MASTERCELL,2.0,1,https://www.kabum.com.br/produto/876185,https://images.kabum.com.br/produtos/fotos/magalu/876185/Smartphone-Samsung-Galaxy-S25-Edge-512GB-Tit-nio-Jetblack-5G-12GB-RAM-6-7-C-m-Dupla-Selfie-12MP_1763575721.jpg,4017.55,12.0,512.0,celular-samsung-galaxy-s25-edge-5g-512gb-12gb-ram-camera-dupla-de-ate-200mp-tela-grande-de-6-7-titanio-jetblack,,True
Kabum,galaxy s25,947650,,Usado - Samsung Galaxy S25 256gb - Azul Marinho - Aceitável,usado-samsung-galaxy-s25-256gb-azul-marinho-aceitavel,Samsung,3031.29,3031.29,0.0,0,True,OUTLET DO CELULAR,0.0,0,https://www.kabum.com.br/produto/947650,https://images.kabum.com.br/produtos/fotos/sync_mirakl/947650/Usado-Samsung-Galaxy-S25-256gb-Azul-Marinho-Aceit-vel_1786131826.jpg,3031.29,,256.0,usado-samsung-galaxy-s25-256gb-azul-marinho-aceitavel,,True
Kabum,galaxy s25,703063,,"Samsung Galaxy S25 5G Dual Chip, 256GB, Galaxy AI, 6,2"", 12GB RAM, Câm. Tripla 50+12+10MP, Bateria 4000mAh, Azul",samsung-galaxy-s25-5g-dual-chip-256gb-galaxy-ai-6-2-12gb-ram-cam-tripla-50-12-10mp-bateria-4000mah-azul,Samsung,4332.22,3899.0,10.0,0,True,Magalu,5.0,1,https://www.kabum.com.br/produto/703063,https://images.kabum.com.br/produtos/fotos/magalu/703063/Samsung-Galaxy-S25-5G-256GB-Galaxy-AI-Azul-6-2-12GB-RAM-C-m-Tripla-50-12-10MP-Bateria-4000mAh-Dual-Chip_1738012154_original.jpg,3899.0,12.0,256.0,samsung-galaxy-s25-5g-dual-chip-256gb-galaxy-ai-6-2-12gb-ram-cam-tripla-50-12-10mp-bateria-4000mah-azul,,True
Kabum,galaxy s25,703043,,"Smartphone Samsung Galaxy S25 Ultra 256gb 5g - Titânio Prata, Com Caneta S Pen, Galaxy Ai, Câmera Quadrupla 200mp + Selfie 12mp, Ram 12gb, Tela 6.9”",smartphone-samsung-galaxy-s25-ultra-256gb-5g-titanio-prata-com-caneta-s-pen-galaxy-ai-camera-quadrupla-200mp-selfie-12mp-ram-12gb-tela-6-9-,Samsung,5998.89,5399.0,10.0,0,True,Magalu,5.0,1,https://www.kabum.com.br/produto/703043,https://images.kabum.com.br/produtos/fotos/sync_mirakl/703043/Smartphone-Samsung-Galaxy-S25-Ultra-256gb-5g-Tit-nio-Prata-Com-Caneta-S-Pen-Galaxy-Ai-C-mera-Quadrupla-200mp-Selfie-12mp-Ram-12gb-Tela-6-9-_1771852607.jpg,5399.0,,256.0,smartphone-samsung-galaxy-s25-ultra-256gb-5g-titanio-prata-com-caneta-s-pen-galaxy-ai-camera-quadrupla-200mp-selfie-12mp-ram-12gb-tela-6-9-,,True
Kabum,galaxy s25,927089,,"Smartphone Samsung Galaxy S25 Fe 5g 256gb Azul, Ram 8GB, Câmera 50mp, Selfie De 12mp, Tela 6.7”",smartphone-samsung-galaxy-s25-fe-5g-256gb-azul-ram-8gb-camera-50mp-selfie-de-12mp-tela-6-7-,Samsung,3999.0,3599.1,10.0,0,True,Magalu,5.0,1,https://www.kabum.com.br/produto/927089,https://images.kabum.com.br/produtos/fotos/sync_mirakl/927089/Smartphone-Samsung-Galaxy-S25-Fe-5g-256gb-Azul-Ram-8GB-C-mera-50mp-Selfie-De-12mp-Tela-6-7-_1771852604.jpg,3599.1,,256.0,smartphone-samsung-galaxy-s25-fe-5g-256gb-azul-ram-8gb-camera-50mp-selfie-de-12mp-tela-6-7-,,True
Kabum,galaxy s25,947652,,Usado - Samsung Galaxy S25 256gb - Azul Claro - Excelente,usado-samsung-galaxy-s25-256gb-azul-claro-excelente,Samsung,3509.21,3509.21,0.0,0,True,OUTLET DO CELULAR,0.0,0,https://www.kabum.com.br/produto/947652,https://images.kabum.com.br/produtos/fotos/sync_mirakl/947652/Usado-Samsung-Galaxy-S25-256gb-Azul-Claro-Excelente_1786131825.jpg,3509.21,,256.0,usado-samsung-galaxy-s25-256gb-azul-claro-excelente,,True
Kabum,galaxy s25,876187,,"Celular Samsung Galaxy S25 Edge 5g, 512gb, 12gb Ram, Câmera Dupla De Até 200mp, Tela Grande De 6.7” - Titânio Prata",celular-samsung-galaxy-s25-edge-5g-512gb-12gb-ram-camera-dupla-de-ate-200mp-tela-grande-de-6-7-titanio-prata,Samsung,4229.0,4017.55,5.0,0,True,MASTERCELL,0.0,0,https://www.kabum.com.br/produto/876187,https://images.kabum.com.br/produtos/fotos/sync_mirakl/876187/Celular-Samsung-Galaxy-S25-Edge-5g-512gb-12gb-Ram-C-mera-Dupla-De-At-200mp-Tela-Grande-De-6-7-Tit-nio-Prata_1769105613.jpg,4017.55,12.0,512.0,celular-samsung-galaxy-s25-edge-5g-512gb-12gb-ram-camera-dupla-de-ate-200mp-tela-grande-de-6-7-titanio-prata,,True
Kabum,galaxy s25,703062,,"Smartphone Samsung Galaxy S25 Ultra 256gb 5g - Titânio Azul, Com Caneta S Pen, Galaxy Ai, Câmera Quadrupla 200mp + Selfie 12mp, Ram 12gb, Tela 6.9”",smartphone-samsung-galaxy-s25-ultra-256gb-5g-titanio-azul-com-caneta-s-pen-galaxy-ai-camera-quadrupla-200mp-selfie-12mp-ram-12gb-tela-6-9-,Samsung,5998.89,5399.0,10.0,0,True,Magalu,0.0,0,https://www.kabum.com.br/produto/703062,https://images.kabum.com.br/produtos/fotos/sync_mirakl/703062/Smartphone-Samsung-Galaxy-S25-Ultra-256gb-5g-Tit-nio-Azul-Com-Caneta-S-Pen-Galaxy-Ai-C-mera-Quadrupla-200mp-Selfie-12mp-Ram-12gb-Tela-6-9-_1771852526.jpg,5399.0,,256.0,smartphone-samsung-galaxy-s25-ultra-256gb-5g-titanio-azul-com-caneta-s-pen-galaxy-ai-camera-quadrupla-200mp-selfie-12mp-ram-12gb-tela-6-9-,,True
Kabum,galaxy s25,1063296,,Samsung Galaxy S25 Ultra 256gb Titânio Prata;Usado - Com Cuidado - Grade B,samsung-galaxy-s25-ultra-256gb-titanio-prata-usado-com-cuidado-grade-b,Samsung,4942.97,4942.97,0.0,0,True,OUTLET DO CELULAR,0.0,0,https://www.kabum.com.br/produto/1063296,https://images.kabum.com.br/produtos/fotos/sync_mirakl/1063296/Samsung-Galaxy-S25-Ultra-256gb-Tit-nio-Prata-Usado-Com-Cuidado-Grade-B_1786388029.jpg,4942.97,,256.0,samsung-galaxy-s25-ultra-256gb-titanio-prata-usado-com-cuidado-grade-b,,True
Kabum,galaxy s25,703059,,"Smartphone Samsung Galaxy S25 Ultra 256gb 5g - Titânio Cinza, Com Caneta S Pen, Galaxy Ai, Câmera Quadrupla 200mp + Selfie 12mp, Ram 12gb, Tela 6.9""",smartphone-samsung-galaxy-s25-ultra-256gb-5g-titanio-cinza-com-caneta-s-pen-galaxy-ai-camera-quadrupla-200mp-selfie-12mp-ram-12gb-tela-6-9-,Samsung,5998.89,5399.0,10.0,0,True,MagaLu,0.0,0,https://www.kabum.com.br/produto/703059,https://images.kabum.com.br/produtos/fotos/sync_mirakl/703059/Smartphone-Samsung-Galaxy-S25-Ultra-256gb-5g-Tit-nio-Cinza-Com-Caneta-S-Pen-Galaxy-Ai-C-mera-Quadrupla-200mp-Selfie-12mp-Ram-12gb-Tela-6-9-_1786384723.jpg,5399.0,,256.0,smartphone-samsung-galaxy-s25-ultra-256gb-5g-titanio-cinza-com-caneta-s-pen-galaxy-ai-camera-quadrupla-200mp-selfie-12mp-ram-12gb-tela-6-9-,,True
Kabum,galaxy s25,947651,,Usado - Samsung Galaxy S25 256gb - Azul Marinho - Bom,usado-samsung-galaxy-s25-256gb-azul-marinho-bom,Samsung,3294.97,3294.97,0.0,0,True,OUTLET DO CELULAR,0.0,0,https://www.kabum.com.br/produto/947651,https://images.kabum.com.br/produtos/fotos/sync_mirakl/947651/Usado-Samsung-Galaxy-S25-256gb-Azul-Marinho-Bom_1786132136.jpg,3294.97,,256.0,usado-samsung-galaxy-s25-256gb-azul-marinho-bom,,True
Kabum,galaxy s25,947644,,Usado - Samsung Galaxy S25 256gb - Azul Claro - Aceitável,usado-samsung-galaxy-s25-256gb-azul-claro-aceitavel,Samsung,3031.29,3031.29,0.0,0,True,OUTLET DO CELULAR,0.0,0,https://www.kabum.com.br/produto/947644,https://images.kabum.com.br/produtos/fotos/sync_mirakl/947644/Usado-Samsung-Galaxy-S25-256gb-Azul-Claro-Aceit-vel_1786132136.jpg,3031.29,,256.0,usado-samsung-galaxy-s25-256gb-azul-claro-aceitavel,,True
Kabum,galaxy s25,939091,,"Celular Samsung Galaxy S25 Fe 5g, 256gb, 8GB Ram, Câmera Tripla De 50+12+8, Tela Grande De 6.7” Azul Marinho - Azul-marinho - 256 Gb",celular-samsung-galaxy-s25-fe-5g-256gb-8gb-ram-camera-tripla-de-50-12-8-tela-grande-de-6-7-azul-marinho-azul-marinho-256-gb-243a64,Samsung,4198.8,3778.92,10.0,0,True,CARREFOUR,0.0,0,https://www.kabum.com.br/produto/939091,https://images.kabum.com.br/produtos/fotos/sync_mirakl/939091/Celular-Samsung-Galaxy-S25-Fe-5g-256gb-8GB-Ram-C-mera-Tripla-De-50-12-8-Tela-Grande-De-6-7-Azul-Marinho-Azul-marinho-256-Gb_1771852612.jpg,3778.92,8.0,256.0,celular-samsung-galaxy-s25-fe-5g-256gb-8gb-ram-camera-tripla-de-50-12-8-tela-grande-de-6-7-azul-marinho-azul-marinho-256-gb-243a64,,True
Kabum,galaxy s25,724809,,"Smartphone Samsung Galaxy S25 Ultra, 5G, 512GB, 12GB RAM, Tela 6.9"", Titânio Preto",smartphone-samsung-galaxy-s25-ultra-5g-512gb-12gb-ram-tela-6-9-titanio-preto,Samsung,9499.99,9499.99,0.0,0,True,J&J,0.0,0,https://www.kabum.com.br/produto/724809,https://images.kabum.com.br/produtos/fotos/sync_mirakl/724809/Smartphone-Samsung-Galaxy-S25-Ultra-5G-512GB-12GB-RAM-Tela-6-9-Tit-nio-Preto_1767039520.png,9499.99,12.0,512.0,smartphone-samsung-galaxy-s25-ultra-5g-512gb-12gb-ram-tela-6-9-titanio-preto,,True
Kabum,galaxy s25,1069176,,Celular Samsung Galaxy S25 Ultra 512 Gb 12gb Ram Recondicionado Preto,celular-samsung-galaxy-s25-ultra-512-gb-12gb-ram-recondicionado-preto,Samsung,6499.0,6369.02,2.0,0,True,MERCADOONLINESP,0.0,0,https://www.kabum.com.br/produto/1069176,https://images.kabum.com.br/produtos/fotos/sync_mirakl/1069176/Celular-Samsung-Galaxy-S25-Ultra-512-Gb-12gb-Ram-Recondicionado-Preto_1787856823.jpg,6369.02,12.0,512.0,celular-samsung-galaxy-s25-ultra-512-gb-12gb-ram-recondicionado-preto,,True
Kabum,galaxy s25,876186,,"Celular Samsung Galaxy S25 Edge 5g, 512gb, 12gb Ram, Câmera Dupla De Até 200mp, Tela Grande De 6.7” - Titânio Azul",celular-samsung-galaxy-s25-edge-5g-512gb-12gb-ram-camera-dupla-de-ate-200mp-tela-grande-de-6-7-titanio-azul,Samsung,4229.0,4017.55,5.0,0,True,MASTERCELL,0.0,0,https://www.kabum.com.br/produto/876186,https://images.kabum.com.br/produtos/fotos/sync_mirakl/876186/Celular-Samsung-Galaxy-S25-Edge-5g-512gb-12gb-Ram-C-mera-Dupla-De-At-200mp-Tela-Grande-De-6-7-Tit-nio-Azul_1782742118.jpg,4017.55,12.0,512.0,celular-samsung-galaxy-s25-edge-5g-512gb-12gb-ram-camera-dupla-de-ate-200mp-tela-grande-de-6-7-titanio-azul,,True
Kabum,galaxy s25,999171,,Usado - Samsung S25 Edge 512 Gb Preto - Excelente,usado-samsung-s25-edge-512-gb-preto-excelente,Samsung,3816.13,3434.52,10.0,0,True,CELLULAR STORE,0.0,0,https://www.kabum.com.br/produto/999171,https://images.kabum.com.br/produtos/fotos/sync_mirakl/999171/Usado-Samsung-S25-Edge-512-Gb-Preto-Excelente_1783965242.jpg,3434.52,,512.0,usado-samsung-s25-edge-512-gb-preto-excelente,,True
Kabum,galaxy s25,1060376,,"Celular Samsung Galaxy S25 Fe 5g, 128GB, 8GB Ram, Camera Tripla 50+12+8mp, Tela 6.7 Jetblack",celular-samsung-galaxy-s25-fe-5g-128gb-8gb-ram-camera-tripla-50-12-8mp-tela-6-7-jetblack,Samsung,4349.99,4262.99,2.0,0,True,J&J,0.0,0,https://www.kabum.com.br/produto/1060376,https://images.kabum.com.br/produtos/fotos/sync_mirakl/1060376/Celular-Samsung-Galaxy-S25-Fe-5g-128GB-8GB-Ram-Camera-Tripla-50-12-8mp-Tela-6-7-Jetblack_1785172417.webp,4262.99,8.0,128.0,celular-samsung-galaxy-s25-fe-5g-128gb-8gb-ram-camera-tripla-50-12-8mp-tela-6-7-jetblack,,True
Kabum,galaxy s25,1034594,,Samsung Galaxy S25 Fe 5g 128GB 8GB Azul,samsung-galaxy-s25-fe-5g-128gb-8gb-azul,Samsung,3899.99,3899.99,0.0,0,True,J&J,0.0,0,https://www.kabum.com.br/produto/1034594,https://images.kabum.com.br/produtos/fotos/sync_mirakl/1034594/Samsung-Galaxy-S25-Fe-5g-128GB-8GB-Azul_1777986824.jpg,3899.99,,128.0,samsung-galaxy-s25-fe-5g-128gb-8gb-azul,,True
Kabum,galaxy s25,1025113,,Usado - Samsung S25 Fe 256 Gb Preto - Excelente,usado-samsung-s25-fe-256-gb-preto-excelente,Samsung,3224.73,3224.73,0.0,0,True,CELLULAR STORE,0.0,0,https://www.kabum.com.br/produto/1025113,https://images.kabum.com.br/produtos/fotos/sync_mirakl/1025113/Usado-Samsung-S25-Fe-256-Gb-Preto-Excelente_1775067530.jpg,3224.73,,256.0,usado-samsung-s25-fe-256-gb-preto-excelente,,True
Kabum,galaxy s25,989740,,Usado - Samsung S25 256 Gb Azul - Muito Bom,usado-samsung-s25-256-gb-azul-muito-bom,Samsung,3786.17,3786.17,0.0,0,True,KaBuM!,0.0,0,https://www.kabum.com.br/produto/989740,https://images.kabum.com.br/produtos/fotos/sync_mirakl/989740/Usado-Samsung-S25-256-Gb-Azul-Muito-Bom_1783965249.jpg,3786.17,,256.0,usado-samsung-s25-256-gb-azul-muito-bom,,True
Kabum,galaxy s25,951149,,S25+ (512gb) - Prata + Watch7 Bt 40mm - Creme,s25-512gb-prata-watch7-bt-40mm-creme-kit-512-gb,Samsung,11298.0,10620.12,6.0,0,True,KaBuM!,0.0,0,https://www.kabum.com.br/produto/951149,https://images.kabum.com.br/produtos/fotos/sync_mirakl/951149/S25-512gb-Prata-Watch7-Bt-40mm-Creme_1762192416.jpg,10620.12,,512.0,s25-512gb-prata-watch7-bt-40mm-creme-kit-512-gb,,True
Kabum,galaxy s25,951143,,S25 Ultra (256gb) - Titânio Azul + Buds3 Fe - Preto,s25-ultra-256gb-titanio-azul-buds3-fe-preto-kit-256-gb,Samsung,12098.0,11372.12,6.0,0,True,KaBuM!,0.0,0,https://www.kabum.com.br/produto/951143,https://images.kabum.com.br/produtos/fotos/sync_mirakl/951143/S25-Ultra-256gb-Tit-nio-Azul-Buds3-Fe-Preto_1762192115.jpg,11372.12,,256.0,s25-ultra-256gb-titanio-azul-buds3-fe-preto-kit-256-gb,,True
Kabum,galaxy s25,700430,,Capa Protetora Silicone Galaxy S25 Preta,capa-protetora-silicone-galaxy-s25-preta,Samsung,129.0,122.55,5.0,0,True,MASTERCELL,0.0,0,https://www.kabum.com.br/produto/700430,https://images.kabum.com.br/produtos/fotos/sync_mirakl/700430/Capa-Protetora-Silicone-Galaxy-S25-Preta_1790077120.jpg,122.55,,,capa-protetora-silicone-galaxy-s25-preta,preço incompatível com smartphone do escopo,False
Kabum,galaxy s25,700404,,Capa Protetora Transparente Galaxy S25 Ultra Transparente,capa-protetora-transparente-galaxy-s25-ultra-transparente,Samsung,69.0,65.55,5.0,0,True,MASTERCELL,0.0,0,https://www.kabum.com.br/produto/700404,https://images.kabum.com.br/produtos/fotos/sync_mirakl/700404/Capa-Protetora-Transparente-Galaxy-S25-Ultra-Transparente_1790077730.jpg,65.55,,,capa-protetora-transparente-galaxy-s25-ultra-transparente,preço incompatível com smartphone do escopo,False
Kabum,galaxy s25,875861,,Capa Protetora De Silicone Galaxy S25 Edge Cinza,capa-protetora-de-silicone-galaxy-s25-edge-cinza,Samsung,92.06,87.46,5.0,0,True,MASTERCELL,0.0,0,https://www.kabum.com.br/produto/875861,https://images.kabum.com.br/produtos/fotos/sync_mirakl/875861/Capa-Protetora-De-Silicone-Galaxy-S25-Edge-Cinza_1768403614.jpg,87.46,,,capa-protetora-de-silicone-galaxy-s25-edge-cinza,preço incompatível com smartphone do escopo,False
Kabum,galaxy s25,875865,,Capa Protetora De Silicone Galaxy S25 Edge Azul Claro,capa-protetora-de-silicone-galaxy-s25-edge-azul-claro,Samsung,92.06,87.46,5.0,0,True,MASTERCELL,0.0,0,https://www.kabum.com.br/produto/875865,https://images.kabum.com.br/produtos/fotos/sync_mirakl/875865/Capa-Protetora-De-Silicone-Galaxy-S25-Edge-Azul-Claro_1763412524.jpg,87.46,,,capa-protetora-de-silicone-galaxy-s25-edge-azul-claro,preço incompatível com smartphone do escopo,False
Kabum,galaxy s25,700406,,Capa Protetora Transparente Galaxy S25+ Transparente,capa-protetora-transparente-galaxy-s25-transparente,Samsung,59.0,56.05,5.0,0,True,MASTERCELL,0.0,0,https://www.kabum.com.br/produto/700406,https://images.kabum.com.br/produtos/fotos/sync_mirakl/700406/Capa-Protetora-Transparente-Galaxy-S25-Transparente_1790077116.jpg,56.05,,,capa-protetora-transparente-galaxy-s25-transparente,preço incompatível com smartphone do escopo,False
Kabum,galaxy s25,700435,,Capa Protetora Transparente Galaxy S25 Transparente,capa-protetora-transparente-galaxy-s25-transparente,Samsung,59.0,56.05,5.0,0,True,MASTERCELL,0.0,0,https://www.kabum.com.br/produto/700435,https://images.kabum.com.br/produtos/fotos/sync_mirakl/700435/Capa-Protetora-Transparente-Galaxy-S25-Transparente_1790077737.jpg,56.05,,,capa-protetora-transparente-galaxy-s25-transparente,preço incompatível com smartphone do escopo,False
Kabum,galaxy s25,875862,,Capa Protetora Transparente Galaxy S25 Edge Transparente,capa-protetora-transparente-galaxy-s25-edge-transparente,Samsung,69.0,65.55,5.0,0,True,MASTERCELL,0.0,0,https://www.kabum.com.br/produto/875862,https://images.kabum.com.br/produtos/fotos/sync_mirakl/875862/Capa-Protetora-Transparente-Galaxy-S25-Edge-Transparente_1763412523.jpg,65.55,,,capa-protetora-transparente-galaxy-s25-edge-transparente,preço incompatível com smartphone do escopo,False
Kabum,galaxy s25,884995,,Cabo Para Samsung Usb C Para Usb C Longo 1.80m Para Galaxy A15 A55 A54 A34 A25 S25 Edge S25 Ultra,cabo-para-samsung-usb-c-para-usb-c-longo-1-80m-para-galaxy-a15-a55-a54-a34-a25-s25-edge-s25-ultra,Samsung,61.9,61.9,0.0,0,True,MOREIRA ACESSORIOS,0.0,0,https://www.kabum.com.br/produto/884995,https://images.kabum.com.br/produtos/fotos/sync_mirakl/884995/Cabo-Para-Samsung-Usb-C-Para-Usb-C-Longo-1-80m-Para-Galaxy-A15-A55-A54-A34-A25-S25-Edge-S25-Ultra_1772485718.png,61.9,,,cabo-para-samsung-usb-c-para-usb-c-longo-1-80m-para-galaxy-a15-a55-a54-a34-a25-s25-edge-s25-ultra,preço incompatível com smartphone do escopo,False
Kabum,galaxy s25,884996,,Cabo Para Samsung 1.80m Para Galaxy S25 Edge Galaxy S25 Ultra Galaxy S25plus S25+ S24 S24ultra S24+,cabo-para-samsung-1-80m-para-galaxy-s25-edge-galaxy-s25-ultra-galaxy-s25plus-s25-s24-s24ultra-s24-,Samsung,57.99,57.99,0.0,0,True,TYRU SHOPs,0.0,0,https://www.kabum.com.br/produto/884996,https://images.kabum.com.br/produtos/fotos/sync_mirakl/884996/Cabo-Para-Samsung-1-80m-Para-Galaxy-S25-Edge-Galaxy-S25-Ultra-Galaxy-S25plus-S25-S24-S24ultra-S24-_1770926987.png,57.99,,,cabo-para-samsung-1-80m-para-galaxy-s25-edge-galaxy-s25-ultra-galaxy-s25plus-s25-s24-s24ultra-s24-,preço incompatível com smartphone do escopo,False
Kabum,galaxy s25,1066394,,Carregador Samsung Galaxy A07 A17 A27 A37 A57 S24fe S25fe,carregador-samsung-galaxy-a07-a17-a27-a37-a57-s24fe-s25fe,Samsung,109.0,109.0,0.0,0,True,TYRU SHOPs,0.0,0,https://www.kabum.com.br/produto/1066394,https://images.kabum.com.br/produtos/fotos/sync_mirakl/1066394/Carregador-Samsung-Galaxy-A07-A17-A27-A37-A57-S24fe-S25fe_1787170422.png,109.0,,,carregador-samsung-galaxy-a07-a17-a27-a37-a57-s24fe-s25fe,preço incompatível com smartphone do escopo,False
Kabum,galaxy s25,640811,,Pontas Para Canetas S-pen Samsung S23 Ultra S24 ultra S25Ultra Ponta Fina,pontas-para-canetas-s-pen-samsung-s23-ultra-s24-ultra-s25ultra-ponta-fina,Samsung,30.0,30.0,0.0,0,True,TYRU SHOPs,0.0,0,https://www.kabum.com.br/produto/640811,https://images.kabum.com.br/produtos/fotos/sync_mirakl/640811/Pontas-Para-Canetas-S-pen-Samsung-S23-Ultra-S24-ultra-S25Ultra-Ponta-Fina_1761835114.jpg,30.0,,,pontas-para-canetas-s-pen-samsung-s23-ultra-s24-ultra-s25ultra-ponta-fina,preço incompatível com smartphone do escopo,False
Kabum,galaxy s24,520344,,"Smartphone Samsung Galaxy S24 Ultra, 5G, 256GB, 12GB RAM, Câmera 200MP, Tela 6.8"" 120Hz, S Pen, Preto",smartphone-samsung-galaxy-s24-ultra-5g-256gb-12gb-ram-camera-200mp-tela-6-8-120hz-s-pen-preto,Samsung,5998.89,5399.0,10.0,0,True,Magalu,5.0,9,https://www.kabum.com.br/produto/520344,https://images.kabum.com.br/produtos/fotos/sync_mirakl/520344/Smartphone-Samsung-Galaxy-S24-Ultra-5G-256GB-12GB-RAM-C-mera-200MP-Tela-6-8-120Hz-S-Pen-Preto_1751571299.png,5399.0,12.0,256.0,smartphone-samsung-galaxy-s24-ultra-5g-256gb-12gb-ram-camera-200mp-tela-6-8-120hz-s-pen-preto,,True
Kabum,galaxy s24,520331,,"Celular Samsung Galaxy S24 Ultra, 512gb, 12gb De Ram, Tela De 6.8”, Galaxy Ai Titânio Preto",celular-samsung-galaxy-s24-ultra-512gb-12gb-de-ram-tela-de-6-8-galaxy-ai-titanio-preto,Samsung,7899.0,7109.1,10.0,0,True,Magalu,5.0,1,https://www.kabum.com.br/produto/520331,https://images.kabum.com.br/produtos/fotos/520331/celular-samsung-galaxy-s24-ultra-512gb-12gb-de-ram-tela-de-6-8-galaxy-ai-titanio-preto_1735248459_original.jpg,7109.1,12.0,512.0,celular-samsung-galaxy-s24-ultra-512gb-12gb-de-ram-tela-de-6-8-galaxy-ai-titanio-preto,,True
Kabum,galaxy s24,1015978,,Usado - Samsung Galaxy S24 Ultra 256gb - Titanio Preto - Bom,usado-samsung-galaxy-s24-ultra-256gb-titanio-preto-bom,Samsung,3912.97,3912.97,0.0,0,True,OUTLET DO CELULAR,0.0,0,https://www.kabum.com.br/produto/1015978,https://images.kabum.com.br/produtos/fotos/sync_mirakl/1015978/Usado-Samsung-Galaxy-S24-Ultra-256gb-Titanio-Preto-Bom_1786131818.jpg,3912.97,,256.0,usado-samsung-galaxy-s24-ultra-256gb-titanio-preto-bom,,True
Kabum,galaxy s24,927946,,Usado - Samsung Galaxy S24 256gb - Preto - Aceitável,usado-samsung-galaxy-s24-256gb-preto-aceitavel,Samsung,2036.31,2036.31,0.0,0,True,OUTLET DO CELULAR,0.0,0,https://www.kabum.com.br/produto/927946,https://images.kabum.com.br/produtos/fotos/sync_mirakl/927946/Usado-Samsung-Galaxy-S24-256gb-Preto-Aceit-vel_1786691937.jpg,2036.31,,256.0,usado-samsung-galaxy-s24-256gb-preto-aceitavel,,True
Kabum,galaxy s24,927903,,Usado - Samsung Galaxy S24 256gb - Preto - Excelente,usado-samsung-galaxy-s24-256gb-preto-excelente,Samsung,2357.67,2357.67,0.0,0,True,OUTLET DO CELULAR,0.0,0,https://www.kabum.com.br/produto/927903,https://images.kabum.com.br/produtos/fotos/sync_mirakl/927903/Usado-Samsung-Galaxy-S24-256gb-Preto-Excelente_1786691934.jpg,2357.67,,256.0,usado-samsung-galaxy-s24-256gb-preto-excelente,,True
Kabum,galaxy s24,885955,,Usado - Samsung Galaxy S24 256GB - Creme - Bom,samsung-galaxy-s24-256gb-seminovo-creme,Samsung,2676.97,2676.97,0.0,0,True,KaBuM!,0.0,0,https://www.kabum.com.br/produto/885955,https://images.kabum.com.br/produtos/fotos/sync_mirakl/885955/Usado-Samsung-Galaxy-S24-256GB-Creme-Bom_1783965129.jpg,2676.97,,256.0,samsung-galaxy-s24-256gb-seminovo-creme,,True
Kabum,galaxy s24,520298,,"Smartphone Samsung Galaxy S24 Ultra, 5G, 256GB, 12GB RAM, Câmera 200MP, Tela 6.8"" 120Hz, S Pen, Cinza",smartphone-samsung-galaxy-s24-ultra-5g-256gb-12gb-ram-camera-200mp-tela-6-8-120hz-s-pen-cinza,Samsung,5998.89,5399.0,10.0,0,True,MagaLu,5.0,2,https://www.kabum.com.br/produto/520298,https://images.kabum.com.br/produtos/fotos/sync_mirakl/520298/Smartphone-Samsung-Galaxy-S24-Ultra-5G-256GB-12GB-RAM-C-mera-200MP-Tela-6-8-120Hz-S-Pen-Cinza_1751571292.jpg,5399.0,12.0,256.0,smartphone-samsung-galaxy-s24-ultra-5g-256gb-12gb-ram-camera-200mp-tela-6-8-120hz-s-pen-cinza,,True
Kabum,galaxy s24,520342,,"Celular Samsung Galaxy S24 Ultra, 512gb, 12gb De Ram, Tela De 6.8”, Galaxy Ai Titânio Cinza",celular-samsung-galaxy-s24-ultra-512gb-12gb-de-ram-tela-de-6-8-galaxy-ai-titanio-cinza,Samsung,7899.0,7109.1,10.0,0,True,Magalu,0.0,0,https://www.kabum.com.br/produto/520342,https://images.kabum.com.br/produtos/fotos/sync_mirakl/520342/Celular-Samsung-Galaxy-S24-Ultra-512gb-12gb-De-Ram-Tela-De-6-8-Galaxy-Ai-Tit-nio-Cinza_1777056013.jpg,7109.1,12.0,512.0,celular-samsung-galaxy-s24-ultra-512gb-12gb-de-ram-tela-de-6-8-galaxy-ai-titanio-cinza,,True
Kabum,galaxy s24,1072117,,Usado - Samsung S24 512 Gb Preto - Bom,usado-samsung-s24-512-gb-preto-bom,Samsung,2912.9,2912.9,0.0,0,True,CELLULAR STORE,0.0,0,https://www.kabum.com.br/produto/1072117,https://images.kabum.com.br/produtos/fotos/sync_mirakl/1072117/Usado-Samsung-S24-512-Gb-Preto-Bom_1788980018.png,2912.9,,512.0,usado-samsung-s24-512-gb-preto-bom,,True
Kabum,galaxy s24,1066465,,Celular Samsung Galaxy S24 Ultra 512 Gb 12gb Ram Recondicionado,celular-samsung-galaxy-s24-ultra-512-gb-12gb-ram-recondicionado,Samsung,4989.99,4840.29,3.0,0,True,MERCADOONLINESP,0.0,0,https://www.kabum.com.br/produto/1066465,https://images.kabum.com.br/produtos/fotos/sync_mirakl/1066465/Celular-Samsung-Galaxy-S24-Ultra-512-Gb-12gb-Ram-Recondicionado_1787526813.jpg,4840.29,12.0,512.0,celular-samsung-galaxy-s24-ultra-512-gb-12gb-ram-recondicionado,,True
Kabum,galaxy s24,1072122,,Usado - Samsung S24 Ultra 512 Gb Cinza - Bom,usado-samsung-s24-ultra-512-gb-cinza-bom,Samsung,3880.65,3880.65,0.0,0,True,CELLULAR STORE,0.0,0,https://www.kabum.com.br/produto/1072122,https://images.kabum.com.br/produtos/fotos/sync_mirakl/1072122/Usado-Samsung-S24-Ultra-512-Gb-Cinza-Bom_1788980019.jpg,3880.65,,512.0,usado-samsung-s24-ultra-512-gb-cinza-bom,,True
Kabum,galaxy s24,1015981,,Usado - Samsung Galaxy S24 Ultra 256gb - Titanio Preto - Excelente,usado-samsung-galaxy-s24-ultra-256gb-titanio-preto-excelente,Samsung,4167.38,4167.38,0.0,0,True,OUTLET DO CELULAR,0.0,0,https://www.kabum.com.br/produto/1015981,https://images.kabum.com.br/produtos/fotos/sync_mirakl/1015981/Usado-Samsung-Galaxy-S24-Ultra-256gb-Titanio-Preto-Excelente_1786132125.jpg,4167.38,,256.0,usado-samsung-galaxy-s24-ultra-256gb-titanio-preto-excelente,,True
Kabum,galaxy s24,1015975,,Usado - Samsung Galaxy S24 Ultra 256gb - Titanio Cinza - Bom,usado-samsung-galaxy-s24-ultra-256gb-titanio-cinza-bom,Samsung,3912.97,3912.97,0.0,0,True,OUTLET DO CELULAR,0.0,0,https://www.kabum.com.br/produto/1015975,https://images.kabum.com.br/produtos/fotos/sync_mirakl/1015975/Usado-Samsung-Galaxy-S24-Ultra-256gb-Titanio-Cinza-Bom_1786131824.jpg,3912.97,,256.0,usado-samsung-galaxy-s24-ultra-256gb-titanio-cinza-bom,,True
Kabum,galaxy s24,946406,,Usado - Samsung Galaxy S24 Ultra 512gb - Titanio Cinza - Bom,samsung-galaxy-s24-ultra-512gb-usado-titanio-cinza,Samsung,4427.97,4427.97,0.0,0,True,OUTLET DO CELULAR,0.0,0,https://www.kabum.com.br/produto/946406,https://images.kabum.com.br/produtos/fotos/sync_mirakl/946406/Usado-Samsung-Galaxy-S24-Ultra-512gb-Titanio-Cinza-Bom_1783965247.jpg,4427.97,,512.0,samsung-galaxy-s24-ultra-512gb-usado-titanio-cinza,,True
Kabum,galaxy s24,1027882,,Usado - Samsung S24 Ultra 256 Gb Preto - Excelente,usado-samsung-s24-ultra-256-gb-preto-excelente,Samsung,3923.66,3923.66,0.0,0,True,CELLULAR STORE,0.0,0,https://www.kabum.com.br/produto/1027882,https://images.kabum.com.br/produtos/fotos/sync_mirakl/1027882/Usado-Samsung-S24-Ultra-256-Gb-Preto-Excelente_1783965175.jpg,3923.66,,256.0,usado-samsung-s24-ultra-256-gb-preto-excelente,,True
Kabum,galaxy s24,903894,,Usado: Samsung S24 Fe 256 Gb Branco - Excelente,usado-samsung-s24-fe-256-gb-branco-excelente,Samsung,3294.32,2964.89,10.0,0,True,CELLULAR STORE,0.0,0,https://www.kabum.com.br/produto/903894,https://images.kabum.com.br/produtos/fotos/sync_mirakl/903894/Usado-Samsung-S24-Fe-256-Gb-Branco-Excelente_1770927271.jpg,2964.89,,256.0,usado-samsung-s24-fe-256-gb-branco-excelente,,True
Kabum,galaxy s24,520464,,"Capa Protetora Galaxy S24 Ultra, Transparente",capa-protetora-galaxy-s24-ultra-transparente,Samsung,129.0,122.55,5.0,0,True,MASTERCELL,3.0,3,https://www.kabum.com.br/produto/520464,https://images.kabum.com.br/produtos/fotos/sync_mirakl/520464/Capa-Protetora-Galaxy-S24-Ultra-Transparente_1763412525.jpg,122.55,,,capa-protetora-galaxy-s24-ultra-transparente,preço incompatível com smartphone do escopo,False
Kabum,galaxy s24,520643,,"Capa Protetora Galaxy S24+, Transparente",capa-protetora-galaxy-s24-transparente,Samsung,109.9,109.9,0.0,0,True,ESQUIRE TECH STORE,0.0,0,https://www.kabum.com.br/produto/520643,https://images.kabum.com.br/produtos/fotos/sync_mirakl/520643/Capa-Protetora-Galaxy-S24-Transparente_1759746815.jpg,109.9,,,capa-protetora-galaxy-s24-transparente,preço incompatível com smartphone do escopo,False
Kabum,galaxy s24,724790,,"Monitor Gamer Samsung 24"" Essential S3, Full HD, 100Hz, 5ms, HDMI, VGA, Preto - Ls24d300galmzd",monitor-gamer-samsung-24-fhd-100-hz-hdmi-vga-preto-s3,Samsung,557.78,502.0,10.0,1393,True,TNTINFO,4.900000095367432,30,https://www.kabum.com.br/produto/724790,https://images.kabum.com.br/produtos/fotos/sync_mirakl/724790/Monitor-Gamer-Samsung-24-Essential-S3-Full-HD-100Hz-5ms-HDMI-VGA-Preto-Ls24d300galmzd_1786763026.jpg,502.0,,,monitor-gamer-samsung-24-fhd-100-hz-hdmi-vga-preto-s3,preço incompatível com smartphone do escopo,False
Kabum,galaxy s24,520478,,"Capa Protetora Galaxy S24 Ultra, Flipsuit, Amarela",capa-protetora-galaxy-s24-ultra-flipsuit-amarela,Samsung,249.0,249.0,0.0,0,True,MASTERCELL,0.0,0,https://www.kabum.com.br/produto/520478,https://images.kabum.com.br/produtos/fotos/sync_mirakl/520478/Capa-Protetora-Galaxy-S24-Ultra-Flipsuit-Amarela_1790072024.jpg,249.0,,,capa-protetora-galaxy-s24-ultra-flipsuit-amarela,preço incompatível com smartphone do escopo,False
Kabum,galaxy s24,957149,,Capa Protetora Flipsuit Para Samsung Galaxy S24 Branca Ef-ms921cwegww,capa-protetora-flipsuit-para-samsung-galaxy-s24-branca-ef-ms921cwegww,Samsung,46.0,43.7,5.0,0,True,MASTERCELL,0.0,0,https://www.kabum.com.br/produto/957149,https://images.kabum.com.br/produtos/fotos/sync_mirakl/957149/Capa-Protetora-Flipsuit-Para-Samsung-Galaxy-S24-Branca-Ef-ms921cwegww_1786384720.jpg,43.7,,,capa-protetora-flipsuit-para-samsung-galaxy-s24-branca-ef-ms921cwegww,preço incompatível com smartphone do escopo,False
Kabum,galaxy s24,876184,,Caneta Samsung S-pen Galaxy S24 Ultra,caneta-samsung-s-pen-galaxy-s24-ultra,Samsung,399.0,399.0,0.0,0,True,TYRU SHOPs,0.0,0,https://www.kabum.com.br/produto/876184,https://images.kabum.com.br/produtos/fotos/sync_mirakl/876184/Caneta-Samsung-S-pen-Galaxy-S24-Ultra_1748043886.png,399.0,,,caneta-samsung-s-pen-galaxy-s24-ultra,preço incompatível com smartphone do escopo,False
Kabum,galaxy s24,520462,,"Capa Protetora Flipsuit Galaxy S24 Ultra, Branca",capa-protetora-flipsuit-galaxy-s24-ultra-branca,Samsung,129.0,122.55,5.0,0,True,MASTERCELL,0.0,0,https://www.kabum.com.br/produto/520462,https://images.kabum.com.br/produtos/fotos/sync_mirakl/520462/Capa-Protetora-Flipsuit-Galaxy-S24-Ultra-Branca_1763412525.jpg,122.55,,,capa-protetora-flipsuit-galaxy-s24-ultra-branca,preço incompatível com smartphone do escopo,False
Kabum,galaxy s24,643728,,Capa Protetora Transparente Galaxy S24 Fe Transparente,capa-protetora-transparente-galaxy-s24-fe-transparente,Samsung,39.0,37.05,5.0,0,True,MASTERCELL,0.0,0,https://www.kabum.com.br/produto/643728,https://images.kabum.com.br/produtos/fotos/sync_mirakl/643728/Capa-Protetora-Transparente-Galaxy-S24-Fe-Transparente_1763412523.jpg,37.05,,,capa-protetora-transparente-galaxy-s24-fe-transparente,preço incompatível com smartphone do escopo,False
Kabum,galaxy s24,1051906,,Capa Protetora Robusta Galaxy S24 Ultra S928,capa-protetora-robusta-galaxy-s24-ultra-s928,Samsung,479.0,479.0,0.0,0,True,HARS Celulares e Acessórios LTDA,0.0,0,https://www.kabum.com.br/produto/1051906,https://images.kabum.com.br/produtos/fotos/sync_mirakl/1051906/Capa-Protetora-Robusta-Galaxy-S24-Ultra-S928_1782215318.jpg,479.0,,,capa-protetora-robusta-galaxy-s24-ultra-s928,preço incompatível com smartphone do escopo,False
Kabum,galaxy z fold8,1072797,,Cabo Samsung Usb-c Pra Usb-c Galaxy Z Fold8 Ultra Z Flip8,cabo-samsung-usb-c-pra-usb-c-galaxy-z-fold8-ultra-z-flip8,Samsung,24.99,24.99,0.0,0,True,TYRU SHOPs,0.0,0,https://www.kabum.com.br/produto/1072797,https://images.kabum.com.br/produtos/fotos/sync_mirakl/1072797/Cabo-Samsung-Usb-c-Pra-Usb-c-Galaxy-Z-Fold8-Ultra-Z-Flip8_1789061634.png,24.99,,,cabo-samsung-usb-c-pra-usb-c-galaxy-z-fold8-ultra-z-flip8,preço incompatível com smartphone do escopo,False
Kabum,galaxy a57,1032826,,"Smartphone Samsung Galaxy A57 128GB 5G 8GB RAM Azul Claro 6,7"" Câm Tripla + Selfie 12MP",smartphone-samsung-galaxy-a57-128gb-5g-8gb-ram-azul-claro-6-7-cam-tripla-selfie-12mp,Samsung,2110.0,1799.0,10.0,0,True,Magalu,0.0,0,https://www.kabum.com.br/produto/1032826,https://images.kabum.com.br/produtos/fotos/magalu/1032826/Smartphone-Samsung-Galaxy-A57-128GB-5G-8GB-RAM-Azul-Claro-6-7-C-m-Tripla-Selfie-12MP_1777395092.jpg,1799.0,8.0,128.0,smartphone-samsung-galaxy-a57-128gb-5g-8gb-ram-azul-claro-6-7-cam-tripla-selfie-12mp,,True
Kabum,galaxy a57,1032825,,"Smartphone Samsung Galaxy A57 128GB 5G 8GB RAM Cinza 6,7"" Câm Tripla + Selfie 12MP",smartphone-samsung-galaxy-a57-128gb-5g-8gb-ram-cinza-6-7-cam-tripla-selfie-12mp,Samsung,2110.0,1799.0,10.0,0,True,Magalu,0.0,0,https://www.kabum.com.br/produto/1032825,https://images.kabum.com.br/produtos/fotos/magalu/1032825/Smartphone-Samsung-Galaxy-A57-128GB-5G-8GB-RAM-Cinza-6-7-C-m-Tripla-Selfie-12MP_1777394962.jpg,1799.0,8.0,128.0,smartphone-samsung-galaxy-a57-128gb-5g-8gb-ram-cinza-6-7-cam-tripla-selfie-12mp,,True
Kabum,galaxy a57,1032820,,"Celular Smartphone Samsung Galaxy A57 5g, 128GB, Ram 8GB, Câmera Tripla, Tela 6.7"" Super AmoLED, Ip68, Azul Escuro",celular-smartphone-samsung-galaxy-a57-5g-128gb-ram-8gb-camera-tripla-tela-6-7-super-amoled-ip68-azul-escuro,Samsung,2111.0,1899.9,10.0,61,True,PRIMETEK,0.0,0,https://www.kabum.com.br/produto/1032820,https://images.kabum.com.br/produtos/fotos/sync_mirakl/1032820/Celular-Smartphone-Samsung-Galaxy-A57-5g-128GB-Ram-8GB-C-mera-Tripla-Tela-6-7-Super-AmoLED-Ip68-Azul-Escuro_1787746419.jpg,1899.9,,128.0,celular-smartphone-samsung-galaxy-a57-5g-128gb-ram-8gb-camera-tripla-tela-6-7-super-amoled-ip68-azul-escuro,,True
Kabum,galaxy a57,1032822,,"Smartphone Samsung Galaxy A57 128GB 5G 8GB RAM Lilás 6,7"" Câm Tripla + Selfie 12MP",smartphone-samsung-galaxy-a57-128gb-5g-8gb-ram-lilas-6-7-cam-tripla-selfie-12mp,Samsung,2110.0,1799.0,10.0,0,True,Magalu,0.0,0,https://www.kabum.com.br/produto/1032822,https://images.kabum.com.br/produtos/fotos/magalu/1032822/Smartphone-Samsung-Galaxy-A57-128GB-5G-8GB-RAM-Lil-s-6-7-C-m-Tripla-Selfie-12MP_1777316883.jpg,1799.0,8.0,128.0,smartphone-samsung-galaxy-a57-128gb-5g-8gb-ram-lilas-6-7-cam-tripla-selfie-12mp,,True
Kabum,galaxy a57,1032818,,"Smartphone Samsung Galaxy A57 5G, 256GB, 8GB RAM, Câmera Tripla 50MP, Tela 6.7"", Azul Claro",smartphone-samsung-galaxy-a57-5g-256gb-8gb-ram-camera-tripla-50mp-tela-6-7-azul-claro,Samsung,2776.67,2299.0,10.0,0,True,Magalu,0.0,0,https://www.kabum.com.br/produto/1032818,https://images.kabum.com.br/produtos/fotos/sync_mirakl/1032818/Smartphone-Samsung-Galaxy-A57-5G-256GB-8GB-RAM-C-mera-Tripla-50MP-Tela-6-7-Azul-Claro_1788383015.jpg,2299.0,8.0,256.0,smartphone-samsung-galaxy-a57-5g-256gb-8gb-ram-camera-tripla-50mp-tela-6-7-azul-claro,,True
Kabum,galaxy a57,1032823,,Smartphone Galaxy A57 5g 256gb 8GB Ram Samsung Cinza,smartphone-galaxy-a57-5g-256gb-8gb-ram-samsung-cinza,Samsung,2776.67,2299.0,10.0,0,True,MagaLu,0.0,0,https://www.kabum.com.br/produto/1032823,https://images.kabum.com.br/produtos/fotos/sync_mirakl/1032823/Smartphone-Galaxy-A57-5g-256gb-8GB-Ram-Samsung-Cinza_1787915616.jpg,2299.0,8.0,256.0,smartphone-galaxy-a57-5g-256gb-8gb-ram-samsung-cinza,,True
Kabum,galaxy a57,1032833,,Smartphone Samsung Galaxy A57 5g 256gb 8GB Ram Azul Escuro,smartphone-samsung-galaxy-a57-5g-256gb-8gb-ram-azul-escuro,Samsung,2554.44,2299.0,10.0,0,True,MagaLu,0.0,0,https://www.kabum.com.br/produto/1032833,https://images.kabum.com.br/produtos/fotos/sync_mirakl/1032833/Smartphone-Samsung-Galaxy-A57-5g-256gb-8GB-Ram-Azul-Escuro_1788895714.jpg,2299.0,8.0,256.0,smartphone-samsung-galaxy-a57-5g-256gb-8gb-ram-azul-escuro,,True
Kabum,galaxy a57,1032821,,"Smartphone Samsung Galaxy A57, 256gb, 5g, Câmera 50mp, Ram 8GB, Tela 6.7"", Lilás",smartphone-samsung-galaxy-a57-256gb-5g-camera-50mp-ram-8gb-tela-6-7-lilas,Samsung,2554.44,2299.0,10.0,0,True,Magalu,0.0,0,https://www.kabum.com.br/produto/1032821,https://images.kabum.com.br/produtos/fotos/sync_mirakl/1032821/Smartphone-Samsung-Galaxy-A57-256gb-5g-C-mera-50mp-Ram-8GB-Tela-6-7-Lil-s_1788383015.jpg,2299.0,,256.0,smartphone-samsung-galaxy-a57-256gb-5g-camera-50mp-ram-8gb-tela-6-7-lilas,,True
Kabum,galaxy a57,1060375,,"Celular Samsung Galaxy A57 5g, 128GB, 8GB Ram, Câmera 50mp, Ip68, Super AmoLED 6.7"", Recursos Ai - Cinza",celular-samsung-galaxy-a57-5g-128gb-8gb-ram-camera-50mp-ip68-super-amoled-6-7-recursos-ai-cinza,Samsung,2899.99,2841.99,2.0,0,True,J&J,0.0,0,https://www.kabum.com.br/produto/1060375,https://images.kabum.com.br/produtos/fotos/sync_mirakl/1060375/Celular-Samsung-Galaxy-A57-5g-128GB-8GB-Ram-C-mera-50mp-Ip68-Super-AmoLED-6-7-Recursos-Ai-Cinza_1785172418.webp,2841.99,8.0,128.0,celular-samsung-galaxy-a57-5g-128gb-8gb-ram-camera-50mp-ip68-super-amoled-6-7-recursos-ai-cinza,,True
Kabum,galaxy a57,1054365,,Smartphone Samsung A57 Ee Cinza 5g 8 256 Sm-a576bzacleb,smartphone-samsung-a57-ee-cinza-5g-8-256-sm-a576bzacleb,Samsung,4220.99,4220.99,0.0,0,True,AQUI QUE TEM,0.0,0,https://www.kabum.com.br/produto/1054365,https://images.kabum.com.br/produtos/fotos/sync_mirakl/1054365/Smartphone-Samsung-A57-Ee-Cinza-5g-8-256-Sm-a576bzacleb_1786627137.jpg,4220.99,,,smartphone-samsung-a57-ee-cinza-5g-8-256-sm-a576bzacleb,,True
Kabum,galaxy a57,1072796,,Cabo Samsung Usb-c Pra Usb-c A17 A36 A37 A26 A56 A57,cabo-samsung-usb-c-pra-usb-c-a17-a36-a37-a26-a56-a57,Samsung,24.99,24.99,0.0,0,True,TYRU SHOPs,0.0,0,https://www.kabum.com.br/produto/1072796,https://images.kabum.com.br/produtos/fotos/sync_mirakl/1072796/Cabo-Samsung-Usb-c-Pra-Usb-c-A17-A36-A37-A26-A56-A57_1789061629.png,24.99,,,cabo-samsung-usb-c-pra-usb-c-a17-a36-a37-a26-a56-a57,preço incompatível com smartphone do escopo,False
Kabum,galaxy a37,1032831,,"Smartphone Samsung Galaxy A37 256gb 8GB Câmera Tripla Tela 6.7""",smartphone-samsung-galaxy-a37-256gb-8gb-camera-tripla-tela-6-7-,Samsung,2098.89,1889.0,10.0,0,True,Magalu,5.0,1,https://www.kabum.com.br/produto/1032831,https://images.kabum.com.br/produtos/fotos/sync_mirakl/1032831/Smartphone-Samsung-Galaxy-A37-256gb-8GB-C-mera-Tripla-Tela-6-7-_1787746417.jpg,1889.0,,256.0,smartphone-samsung-galaxy-a37-256gb-8gb-camera-tripla-tela-6-7-,,True
Kabum,galaxy a37,1032832,,"Smartphone Galaxy A37 256gb 6,7 8GB Câmera Tripla Samsung",smartphone-galaxy-a37-256gb-6-7-8gb-camera-tripla-samsung,Samsung,2098.89,1889.0,10.0,0,True,Magalu,0.0,0,https://www.kabum.com.br/produto/1032832,https://images.kabum.com.br/produtos/fotos/sync_mirakl/1032832/Smartphone-Galaxy-A37-256gb-6-7-8GB-C-mera-Tripla-Samsung_1787915614.jpg,1889.0,,256.0,smartphone-galaxy-a37-256gb-6-7-8gb-camera-tripla-samsung,,True
Kabum,galaxy a37,1032824,,"Smartphone Samsung Galaxy A37 Com 5g, Câmera Tripla E 256 Gb",smartphone-samsung-galaxy-a37-com-5g-camera-tripla-e-256-gb,Samsung,2098.89,1889.0,10.0,0,True,MagaLu,0.0,0,https://www.kabum.com.br/produto/1032824,https://images.kabum.com.br/produtos/fotos/sync_mirakl/1032824/Smartphone-Samsung-Galaxy-A37-Com-5g-C-mera-Tripla-E-256-Gb_1784224721.jpg,1889.0,,256.0,smartphone-samsung-galaxy-a37-com-5g-camera-tripla-e-256-gb,,True
Kabum,galaxy a37,1032829,,"Smartphone Samsung Galaxy A37 128GB 5G 6GB RAM Branco 6,7"" Câm Tripla + Selfie 12MP",smartphone-samsung-galaxy-a37-128gb-5g-6gb-ram-branco-6-7-cam-tripla-selfie-12mp,Samsung,1999.0,1699.0,10.0,0,True,Magalu,0.0,0,https://www.kabum.com.br/produto/1032829,https://images.kabum.com.br/produtos/fotos/magalu/1032829/Smartphone-Samsung-Galaxy-A37-128GB-5G-6GB-RAM-Branco-6-7-C-m-Tripla-Selfie-12MP_1777395285.jpg,1699.0,6.0,128.0,smartphone-samsung-galaxy-a37-128gb-5g-6gb-ram-branco-6-7-cam-tripla-selfie-12mp,,True
Kabum,galaxy a37,1032827,,"Smartphone Galaxy A37 256gb 6,7 8GB Câmera Tripla Samsung",smartphone-galaxy-a37-256gb-6-7-8gb-camera-tripla-samsung,Samsung,2098.89,1889.0,10.0,0,True,Magalu,0.0,0,https://www.kabum.com.br/produto/1032827,https://images.kabum.com.br/produtos/fotos/sync_mirakl/1032827/Smartphone-Galaxy-A37-256gb-6-7-8GB-C-mera-Tripla-Samsung_1789652926.jpg,1889.0,,256.0,smartphone-galaxy-a37-256gb-6-7-8gb-camera-tripla-samsung,,True
Kabum,galaxy a37,1032828,,"Smartphone Samsung Galaxy A37 128GB 5G 6GB RAM Lavanda 6,7"" Câm Tripla + Selfie 12MP",smartphone-samsung-galaxy-a37-128gb-5g-6gb-ram-lavanda-6-7-cam-tripla-selfie-12mp,Samsung,1999.0,1699.0,10.0,0,True,Magalu,0.0,0,https://www.kabum.com.br/produto/1032828,https://images.kabum.com.br/produtos/fotos/magalu/1032828/Smartphone-Samsung-Galaxy-A37-128GB-5G-6GB-RAM-Lavanda-6-7-C-m-Tripla-Selfie-12MP_1777395200.jpg,1699.0,6.0,128.0,smartphone-samsung-galaxy-a37-128gb-5g-6gb-ram-lavanda-6-7-cam-tripla-selfie-12mp,,True
Kabum,galaxy a37,1032830,,"Smartphone Samsung Galaxy A37 128GB 5G 6GB RAM Verde 6,7"" Câm Tripla + Selfie 12MP",smartphone-samsung-galaxy-a37-128gb-5g-6gb-ram-verde-6-7-cam-tripla-selfie-12mp,Samsung,1999.0,1699.0,10.0,0,True,Magalu,0.0,0,https://www.kabum.com.br/produto/1032830,https://images.kabum.com.br/produtos/fotos/magalu/1032830/Smartphone-Samsung-Galaxy-A37-128GB-5G-6GB-RAM-Verde-6-7-C-m-Tripla-Selfie-12MP_1777316945.jpg,1699.0,6.0,128.0,smartphone-samsung-galaxy-a37-128gb-5g-6gb-ram-verde-6-7-cam-tripla-selfie-12mp,,True
Kabum,galaxy a37,1029845,,"Celular Samsung Galaxy A37 5g 256gb, 8GB Ram, Câmera Tripla 50mp, Super AmoLED 6.7”, Recursos Ai Verde - 256 Gb",celular-samsung-galaxy-a37-5g-256gb-8gb-ram-camera-tripla-50mp-super-amoled-6-7-recursos-ai-verde-256-gb,Samsung,2308.8,2308.8,0.0,0,True,CARREFOUR,0.0,0,https://www.kabum.com.br/produto/1029845,https://images.kabum.com.br/produtos/fotos/sync_mirakl/1029845/Celular-Samsung-Galaxy-A37-5g-256gb-8GB-Ram-C-mera-Tripla-50mp-Super-AmoLED-6-7-Recursos-Ai-Verde-256-Gb_1788180518.jpg,2308.8,8.0,256.0,celular-samsung-galaxy-a37-5g-256gb-8gb-ram-camera-tripla-50mp-super-amoled-6-7-recursos-ai-verde-256-gb,,True
Kabum,galaxy a37,1029839,,"Celular Samsung Galaxy A37 5g 128GB, 6gb Ram, Câmera Tripla 50mp, Super AmoLED 6.7”, Recursos Ai Preto - 128 Gb",celular-samsung-galaxy-a37-5g-128gb-6gb-ram-camera-tripla-50mp-super-amoled-6-7-recursos-ai-preto-128-gb,Samsung,1993.8,1993.8,0.0,0,True,CARREFOUR,0.0,0,https://www.kabum.com.br/produto/1029839,https://images.kabum.com.br/produtos/fotos/sync_mirakl/1029839/Celular-Samsung-Galaxy-A37-5g-128GB-6gb-Ram-C-mera-Tripla-50mp-Super-AmoLED-6-7-Recursos-Ai-Preto-128-Gb_1789399117.jpg,1993.8,6.0,128.0,celular-samsung-galaxy-a37-5g-128gb-6gb-ram-camera-tripla-50mp-super-amoled-6-7-recursos-ai-preto-128-gb,,True
Kabum,galaxy a37,1057535,,"Smartphone Galaxy A37 5g 128GB 6gb Ram Tela 6,7 Samsung",smartphone-galaxy-a37-5g-128gb-6gb-ram-tela-6-7-samsung,Samsung,2499.0,2499.0,0.0,0,True,WORLDTRONICS,0.0,0,https://www.kabum.com.br/produto/1057535,https://images.kabum.com.br/produtos/fotos/sync_mirakl/1057535/Smartphone-Galaxy-A37-5g-128GB-6gb-Ram-Tela-6-7-Samsung_1787167130.jpg,2499.0,6.0,128.0,smartphone-galaxy-a37-5g-128gb-6gb-ram-tela-6-7-samsung,,True
Kabum,galaxy a37,1059426,,"Smartphone Samsung Galaxy A37 5g 128GB 6gb Ram Tela 6,7"" Super AmoLED 120hz Câmera 50mp Nfc Bateria 5000mah Preto",smartphone-samsung-galaxy-a37-5g-128gb-6gb-ram-tela-6-7-super-amoled-120hz-camera-50mp-nfc-bateria-5000mah-preto,Samsung,2489.0,2489.0,0.0,0,True,TUDOSMART,0.0,0,https://www.kabum.com.br/produto/1059426,https://images.kabum.com.br/produtos/fotos/sync_mirakl/1059426/Smartphone-Samsung-Galaxy-A37-5g-128GB-6gb-Ram-Tela-6-7-Super-AmoLED-120hz-C-mera-50mp-Nfc-Bateria-5000mah-Preto_1784642627.png,2489.0,6.0,128.0,smartphone-samsung-galaxy-a37-5g-128gb-6gb-ram-tela-6-7-super-amoled-120hz-camera-50mp-nfc-bateria-5000mah-preto,,True
Samsung,Galaxy S26,SM-S942BZVUZTO,,Galaxy S26,SM-S942BZVUZTO,Samsung,9099.0,8189.1,10.0,inStock,,Samsung,4.7,2607,/br/smartphones/galaxy-s/galaxy-s26-cobalt-violet-512gb-sm-s942bzvuzto/,,8189.1,,,SM-S942BZVUZTO,,True
Samsung,Galaxy S26,SM-S741BLGKZTO,,Galaxy S26 FE,SM-S741BLGKZTO,Samsung,6299.0,5669.1,10.0,inStock,,Samsung,5.0,60,/br/smartphones/galaxy-s/galaxy-s26-fe-pistachio-256gb-sm-s741blgkzto/,,5669.1,,,SM-S741BLGKZTO,,True
Samsung,Galaxy S26,SM-S948BZVKZTO,,Galaxy S26 Ultra,SM-S948BZVKZTO,Samsung,13099.0,11789.1,10.0,inStock,,Samsung,4.8,34618,/br/smartphones/galaxy-s/galaxy-s26-ultra-cobalt-violet-512gb-sm-s948bzvkzto/,,11789.1,,,SM-S948BZVKZTO,,True
Samsung,Galaxy S26,SM-S948BZDKZTO,,Galaxy S26 Ultra (Exclusiva Samsung.com),SM-S948BZDKZTO,Samsung,13099.0,11789.1,10.0,inStock,,Samsung,4.8,34618,/br/smartphones/galaxy-s/galaxy-s26-ultra-pink-gold-512gb-sm-s948bzdkzto/,,11789.1,,,SM-S948BZDKZTO,,True
Samsung,Galaxy S26,SM-S947BZVKZTO,,Galaxy S26+,SM-S947BZVKZTO,Samsung,10799.0,9719.1,10.0,inStock,,Samsung,4.8,2206,/br/smartphones/galaxy-s/galaxy-s26-plus-cobalt-violet-512gb-sm-s947bzvkzto/,,9719.1,,,SM-S947BZVKZTO,,True
Samsung,Galaxy S26,SM-S947BZDKZTO,,Galaxy S26+ (Exclusiva Samsung.com),SM-S947BZDKZTO,Samsung,10799.0,9719.1,10.0,inStock,,Samsung,4.8,2206,/br/smartphones/galaxy-s/galaxy-s26-plus-pink-gold-512gb-sm-s947bzdkzto/,,9719.1,,,SM-S947BZDKZTO,,True
Samsung,Galaxy S26,SM-S942BZDUZTO,,Galaxy S26 (Exclusiva Samsung.com),SM-S942BZDUZTO,Samsung,9099.0,8189.1,10.0,inStock,,Samsung,4.7,2607,/br/smartphones/galaxy-s/galaxy-s26-pink-gold-512gb-sm-s942bzduzto/,,8189.1,,,SM-S942BZDUZTO,,True
Samsung,Galaxy S25,SM-S931BLBKZTO,,Galaxy S25,SM-S931BLBKZTO,Samsung,7299.0,6569.1,10.0,inStock,,Samsung,4.7,19191,/br/smartphones/galaxy-s/galaxy-s25-icyblue-256gb-sm-s931blbkzto/,,6569.1,,,SM-S931BLBKZTO,,True
Samsung,Galaxy S25,SM-S938BAKKZTO,,Galaxy S25 Ultra (Exclusiva Samsung.com),SM-S938BAKKZTO,Samsung,6899.0,6209.1,10.0,inStock,,Samsung,4.8,33229,/br/smartphones/galaxy-s/galaxy-s25-ultra-titanium-jetblack-512gb-sm-s938bakkzto/,,6209.1,,,SM-S938BAKKZTO,,True
Samsung,Galaxy S25,SM-S938BZBKZTO,,Galaxy S25 Ultra,SM-S938BZBKZTO,Samsung,6899.0,6209.1,10.0,inStock,,Samsung,4.8,33229,/br/smartphones/galaxy-s/galaxy-s25-ultra-titanium-silverblue-512gb-sm-s938bzbkzto/,,6209.1,,,SM-S938BZBKZTO,,True
Samsung,Galaxy S25,SM-S731BDBKZTO,,Galaxy S25 FE,SM-S731BDBKZTO,Samsung,5799.0,5219.1,10.0,inStock,,Samsung,4.7,5088,/br/smartphones/galaxy-s/galaxy-s25-fe-navy-256gb-sm-s731bdbkzto/,,5219.1,,,SM-S731BDBKZTO,,True
Samsung,Galaxy S25,SM-S936BDBJZTO,,Galaxy S25+,SM-S936BDBJZTO,Samsung,7999.0,7199.1,10.0,inStock,,Samsung,4.6,5153,/br/smartphones/galaxy-s/galaxy-s25-plus-navy-256gb-sm-s936bdbjzto/,,7199.1,,,SM-S936BDBJZTO,,True
Samsung,Galaxy S25,SM-S937BZSKZTO,,Galaxy S25 Edge,SM-S937BZSKZTO,Samsung,10599.0,9539.1,10.0,inStock,,Samsung,4.7,2677,/br/smartphones/galaxy-s/galaxy-s25-edge-titanium-silver-512gb-sm-s937bzskzto/,,9539.1,,,SM-S937BZSKZTO,,True
Samsung,Galaxy S25,SM-S931BZKKZTO,,Galaxy S25 (Exclusiva Samsung.com),SM-S931BZKKZTO,Samsung,,,,,,Samsung,4.7,19191,/br/smartphones/galaxy-s/galaxy-s25-blueblack-256gb-sm-s931bzkkzto/,,,,,SM-S931BZKKZTO,preço inválido/ausente,False
Samsung,Galaxy S25,SM-S936BZKSZTO,,Galaxy S25+ (Exclusiva Samsung.com),SM-S936BZKSZTO,Samsung,,,,,,Samsung,4.6,5153,/br/smartphones/galaxy-s/galaxy-s25-plus-blueblack-512gb-sm-s936bzkszto/,,,,,SM-S936BZKSZTO,preço inválido/ausente,False
Samsung,Galaxy Z Fold8,SM-F971BLVXZTO,,Galaxy Z Fold8,SM-F971BLVXZTO,Samsung,14199.0,12779.1,10.0,inStock,,Samsung,4.8,3653,/br/smartphones/galaxy-z/galaxy-z-fold8-lavender-512gb-sm-f971blvxzto/,,12779.1,,,SM-F971BLVXZTO,,True
Samsung,Galaxy Z Fold8,SM-F976BZVXZTO,,Galaxy Z Fold8 Ultra,SM-F976BZVXZTO,Samsung,16199.0,14579.1,10.0,inStock,,Samsung,4.9,3403,/br/smartphones/galaxy-z/galaxy-z-fold8-ultra-violet-shadow-512gb-sm-f976bzvxzto/,,14579.1,,,SM-F976BZVXZTO,,True
Samsung,Galaxy Z Fold8,SM-F976BDGXZTO,,Galaxy Z Fold8 Ultra (Exclusiva Samsung.com),SM-F976BDGXZTO,Samsung,16199.0,14579.1,10.0,inStock,,Samsung,4.9,3389,/br/smartphones/galaxy-z/galaxy-z-fold8-ultra-green-shadow-512gb-sm-f976bdgxzto/,,14579.1,,,SM-F976BDGXZTO,,True
Samsung,Galaxy Z Fold8,SM-F971BZGXZTO,,Galaxy Z Fold8 (Exclusiva Samsung.com),SM-F971BZGXZTO,Samsung,14199.0,12779.1,10.0,inStock,,Samsung,4.9,3025,/br/smartphones/galaxy-z/galaxy-z-fold8-pistachio-512gb-sm-f971bzgxzto/,,12779.1,,,SM-F971BZGXZTO,,True
Samsung,Galaxy Z Flip8,SM-F776BLIXZTO,,Galaxy Z Flip8,SM-F776BLIXZTO,Samsung,10799.0,9719.1,10.0,inStock,,Samsung,4.9,1278,/br/smartphones/galaxy-z/galaxy-z-flip8-pink-512gb-sm-f776blixzto/,,9719.1,,,SM-F776BLIXZTO,,True
Samsung,Galaxy Z Flip8,SM-F776BLGXZTO,,Galaxy Z Flip8 (Exclusiva Samsung.com),SM-F776BLGXZTO,Samsung,10799.0,9719.1,10.0,inStock,,Samsung,4.9,1278,/br/smartphones/galaxy-z/galaxy-z-flip8-mint-512gb-sm-f776blgxzto/,,9719.1,,,SM-F776BLGXZTO,,True
Samsung,Galaxy A57,SM-A576BZAEZTO,,Galaxy A57 5G (128GB),SM-A576BZAEZTO,Samsung,3599.0,3239.1,11.0,inStock,,Samsung,4.7,2216,/br/smartphones/galaxy-a/galaxy-a57-5g-awesome-gray-128gb-sm-a576bzaezto/,,3239.1,,128.0,SM-A576BZAEZTO,,True
Samsung,Galaxy A37,SM-A376BZAJZTO,,Galaxy A37 5G (128GB),SM-A376BZAJZTO,Samsung,3299.0,2969.1,11.0,inStock,,Samsung,4.7,823,/br/smartphones/galaxy-a/galaxy-a37-5g-awesome-charcoal-128gb-sm-a376bzajzto/,,2969.1,,128.0,SM-A376BZAJZTO,,True
FastShop,galaxy s26,167327,167327,"Smartphone Samsung Galaxy S26 5G Tela 6.3"" 256GB Câmera 50MP Violeta / Bivolt","Smartphone Samsung Galaxy S26 5G Tela 6.3"" 256GB Câmera 50MP",SAMSUNG,6387.77,5940.63,,https://schema.org/InStock,,cnl222,,,smartphone-samsung-galaxy-s26-5g-tela-6-3--256gb-camera-50mp-157112-167327,https://fastshopbr.vtexassets.com/arquivos/ids/4471278/17749033630275.jpg?v=639105011688670000,5940.63,,256.0,"Smartphone Samsung Galaxy S26 5G Tela 6.3"" 256GB Câmera 50MP",,True
FastShop,galaxy s26,170521,170521,"Smartphone Samsung Galaxy S26 Ultra 5G Tela 6.9"" 256GB Câmera Quadrupla 200MP Violeta / Bivolt","Smartphone Samsung Galaxy S26 Ultra 5G Tela 6.9"" 256GB Câmera Quadrupla 200MP",SAMSUNG,10554.45,9815.64,,https://schema.org/InStock,,cnl222,,,smartphone-samsung-galaxy-s26-ultra-5g-tela-6-9--256gb-camera-quadrupla-200mp-160410-170521,https://fastshopbr.vtexassets.com/arquivos/ids/4646704/17749057447893.jpg?v=639124783648170000,9815.64,,256.0,"Smartphone Samsung Galaxy S26 Ultra 5G Tela 6.9"" 256GB Câmera Quadrupla 200MP",,True
FastShop,galaxy s26,167325,167325,"Smartphone Samsung Galaxy S26 5G Tela 6.3"" 256GB Câmera 50MP Violeta / Bivolt","Smartphone Samsung Galaxy S26 5G Tela 6.3"" 256GB Câmera 50MP",SAMSUNG,7723.62,5940.63,,https://schema.org/InStock,,cnl223,,,smartphone-samsung-galaxy-s26-5g-tela-6-3--256gb-camera-50mp-157100-167325,https://fastshopbr.vtexassets.com/arquivos/ids/4522304/17755033580506.jpg?v=639111007432630000,5940.63,,256.0,"Smartphone Samsung Galaxy S26 5G Tela 6.3"" 256GB Câmera 50MP",,True
FastShop,galaxy s26,170508,170508,"Smartphone Samsung Galaxy S26 Ultra 5G Tela 6.9"" 256GB Câmera Quadrupla 200MP Violeta / Bivolt","Smartphone Samsung Galaxy S26 Ultra 5G Tela 6.9"" 256GB Câmera Quadrupla 200MP",SAMSUNG,11497.54,9815.64,,https://schema.org/InStock,,cnl223,,,smartphone-samsung-galaxy-s26-ultra-5g-tela-6-9--256gb-camera-quadrupla-200mp-160397-170508,https://fastshopbr.vtexassets.com/arquivos/ids/4646581/17749057370416.jpg?v=639124783635170000,9815.64,,256.0,"Smartphone Samsung Galaxy S26 Ultra 5G Tela 6.9"" 256GB Câmera Quadrupla 200MP",,True
FastShop,galaxy s26,170513,170513,"Smartphone Samsung Galaxy S26+ 5G Tela 6.7"" 256GB Câmera 50MP Violeta / Bivolt","Smartphone Samsung Galaxy S26+ 5G Tela 6.7"" 256GB Câmera 50MP",SAMSUNG,9199.01,8555.08,,https://schema.org/InStock,,cnl223,,,smartphone-samsung-galaxy-s26--5g-tela-6-7--256gb-camera-50mp-160403-170513,https://fastshopbr.vtexassets.com/arquivos/ids/4646592/17749053438804.jpg?v=639124783636470000,8555.08,,256.0,"Smartphone Samsung Galaxy S26+ 5G Tela 6.7"" 256GB Câmera 50MP",,True
FastShop,galaxy s26,170511,170511,"Smartphone Samsung Galaxy S26+ 5G Tela 6.7"" 256GB Câmera 50MP Violeta / Bivolt","Smartphone Samsung Galaxy S26+ 5G Tela 6.7"" 256GB Câmera 50MP",SAMSUNG,9199.01,8555.08,,https://schema.org/InStock,,cnl222,,,smartphone-samsung-galaxy-s26--5g-tela-6-7--256gb-camera-50mp-160400-170511,https://fastshopbr.vtexassets.com/arquivos/ids/4646617/17749053421968.jpg?v=639124783638100000,8555.08,,256.0,"Smartphone Samsung Galaxy S26+ 5G Tela 6.7"" 256GB Câmera 50MP",,True
FastShop,galaxy s25,143884,143884,"Smartphone Samsung Galaxy S25 5G Prata 256GB, Tela de 6.2"", 12GB RAM, AI Inteligência Artificial, IP68, Processador Snapdragon 8 Elite e Câmera Tripla","Smartphone Samsung Galaxy S25 5G Prata 256GB, Tela de 6.2"", 12GB RAM, AI Inteligência Artificial, IP68, Processador Snapdragon 8 Elite e Câmera Tripla",SAMSUNG,5376.6,4648.96,,https://schema.org/InStock,,cnl223,,,smartphone-samsung-galaxy-s25-5g-prata-256gb-tela-de-6-2-12gb-ram-ai-inteligencia-artificial-ip68-processador-snapdragon-8-elite-e-camera-tripla-135374-143884,https://fastshopbr.vtexassets.com/arquivos/ids/4090563/17714331425336.jpg?v=639070299578030000,4648.96,12.0,256.0,"Smartphone Samsung Galaxy S25 5G Prata 256GB, Tela de 6.2"", 12GB RAM, AI Inteligência Artificial, IP68, Processador Snapdragon 8 Elite e Câmera Tripla",,True
FastShop,galaxy s25,143921,143921,"Smartphone Samsung Galaxy S25 Ultra Titânio Preto 256GB, Tela 6.9, 12GB RAM, AI Inteligência Artificial, IP68, S-Pen, Snapdragon 8 Elite e 4 Câmeras","Smartphone Samsung Galaxy S25 Ultra Titânio Preto 256GB, Tela 6.9, 12GB RAM, AI Inteligência Artificial, IP68, S-Pen, Snapdragon 8 Elite e 4 Câmeras",SAMSUNG,9221.1,8575.62,,https://schema.org/InStock,,cnl223,,,smartphone-samsung-galaxy-s25-ultra-titanio-preto-256gb-tela-6-9-12gb-ram-ai-inteligencia-artificial-ip68-s-pen-snapdragon-8-elite-e-4-cameras-135411-143921,https://fastshopbr.vtexassets.com/arquivos/ids/3987511/17707177563222.jpg?v=639063201797300000,8575.62,12.0,256.0,"Smartphone Samsung Galaxy S25 Ultra Titânio Preto 256GB, Tela 6.9, 12GB RAM, AI Inteligência Artificial, IP68, S-Pen, Snapdragon 8 Elite e 4 Câmeras",,True
FastShop,galaxy s25,147825,147825,"Smartphone Samsung Galaxy S25 FE 5G Tela 6,7 AMOLED 256GB 8GB RAM Câmera 50MP Azul-Marinho","Smartphone Samsung Galaxy S25 FE 5G Tela 6,7 AMOLED 256GB 8GB RAM Câmera 50MP Azul-Marinho",SAMSUNG,4398.98,4091.05,,https://schema.org/InStock,,cnl222,,,smartphone-samsung-galaxy-s25-fe-5g-tela-67-amoled-256gb-8gb-ram-camera-50mp-azul-marinho-139116-147825,https://fastshopbr.vtexassets.com/arquivos/ids/4008139/17708182577529.jpg?v=639064150716870000,4091.05,8.0,256.0,"Smartphone Samsung Galaxy S25 FE 5G Tela 6,7 AMOLED 256GB 8GB RAM Câmera 50MP Azul-Marinho",,True
FastShop,galaxy s25,143890,143890,"Smartphone Samsung Galaxy S25 Ultra Titânio Azul 256GB, Tela 6.9"", 12GB RAM, AI Inteligência Artificial, IP68, S-Pen, Snapdragon 8 Elite e 4 Câmeras","Smartphone Samsung Galaxy S25 Ultra Titânio Azul 256GB, Tela 6.9"", 12GB RAM, AI Inteligência Artificial, IP68, S-Pen, Snapdragon 8 Elite e 4 Câmeras",SAMSUNG,9221.12,8575.64,,https://schema.org/InStock,,cnl223,,,smartphone-samsung-galaxy-s25-ultra-titanio-azul-256gb-tela-6-9-12gb-ram-ai-inteligencia-artificial-ip68-s-pen-snapdragon-8-elite-e-4-cameras-135380-143890,https://fastshopbr.vtexassets.com/arquivos/ids/3998438/17707179785877.jpg?v=639063544988930000,8575.64,12.0,256.0,"Smartphone Samsung Galaxy S25 Ultra Titânio Azul 256GB, Tela 6.9"", 12GB RAM, AI Inteligência Artificial, IP68, S-Pen, Snapdragon 8 Elite e 4 Câmeras",,True
FastShop,galaxy s25,147641,147641,"Smartphone Samsung Galaxy S25 5G Prata 256GB, Tela de 6.2"", 12GB RAM, AI Inteligência Artificial, IP68, Processador Snapdragon 8 Elite e Câmera Tripla","Smartphone Samsung Galaxy S25 5G Prata 256GB, Tela de 6.2"", 12GB RAM, AI Inteligência Artificial, IP68, Processador Snapdragon 8 Elite e Câmera Tripla",SAMSUNG,4998.88,4648.96,,https://schema.org/InStock,,cnl222,,,smartphone-samsung-galaxy-s25-5g-prata-256gb-tela-de-6-2--12gb-ram-ai-inteligencia-artificial-ip68-processador-snapdragon-8-elite-e-camera-tripla-138936-147641,https://fastshopbr.vtexassets.com/arquivos/ids/4088296/17710047026636.jpg?v=639070211363000000,4648.96,12.0,256.0,"Smartphone Samsung Galaxy S25 5G Prata 256GB, Tela de 6.2"", 12GB RAM, AI Inteligência Artificial, IP68, Processador Snapdragon 8 Elite e Câmera Tripla",,True
FastShop,galaxy s25,143912,143912,"Smartphone Samsung Galaxy S25 FE 5G Tela 6,7” AMOLED 256GB 8GB RAM Câmera 50MP Azul-Marinho","Smartphone Samsung Galaxy S25 FE 5G Tela 6,7” AMOLED 256GB 8GB RAM Câmera 50MP Azul-Marinho",SAMSUNG,4553.33,4091.05,,https://schema.org/InStock,,cnl223,,,smartphone-samsung-galaxy-s25-fe-5g-tela-67”-amoled-256gb-8gb-ram-camera-50mp-azul-marinho-135402-143912,https://fastshopbr.vtexassets.com/arquivos/ids/5059722/17816026908392.jpg?v=639172161723500000,4091.05,8.0,256.0,"Smartphone Samsung Galaxy S25 FE 5G Tela 6,7” AMOLED 256GB 8GB RAM Câmera 50MP Azul-Marinho",,True
FastShop,galaxy s25,147663,147663,"Smartphone Samsung Galaxy S25 Ultra Titânio Preto 256GB, Tela 6.9"", 12GB RAM, AI Inteligência Artificial, IP68, S-Pen, Snapdragon 8 Elite e 4 Câmeras","Smartphone Samsung Galaxy S25 Ultra Titânio Preto 256GB, Tela 6.9"", 12GB RAM, AI Inteligência Artificial, IP68, S-Pen, Snapdragon 8 Elite e 4 Câmeras",SAMSUNG,9221.1,8575.62,,https://schema.org/InStock,,cnl222,,,smartphone-samsung-galaxy-s25-ultra-titanio-preto-256gb-tela-6-9--12gb-ram-ai-inteligencia-artificial-ip68-s-pen-snapdragon-8-elite-e-4-cameras-138953-147663,https://fastshopbr.vtexassets.com/arquivos/ids/3987498/17707160210355.jpg?v=639063201686070000,8575.62,12.0,256.0,"Smartphone Samsung Galaxy S25 Ultra Titânio Preto 256GB, Tela 6.9"", 12GB RAM, AI Inteligência Artificial, IP68, S-Pen, Snapdragon 8 Elite e 4 Câmeras",,True
FastShop,galaxy s25,147649,147649,"Smartphone Samsung Galaxy S25 Ultra Titânio Azul 256GB, Tela 6.9"", 12GB RAM, AI Inteligência Artificial, IP68, S-Pen, Snapdragon 8 Elite e 4 Câmeras","Smartphone Samsung Galaxy S25 Ultra Titânio Azul 256GB, Tela 6.9"", 12GB RAM, AI Inteligência Artificial, IP68, S-Pen, Snapdragon 8 Elite e 4 Câmeras",SAMSUNG,9221.12,8575.64,,https://schema.org/InStock,,cnl222,,,smartphone-samsung-galaxy-s25-ultra-titanio-azul-256gb-tela-6-9--12gb-ram-ai-inteligencia-artificial-ip68-s-pen-snapdragon-8-elite-e-4-cameras-138939-147649,https://fastshopbr.vtexassets.com/arquivos/ids/3998527/17707161013062.jpg?v=639063545465130000,8575.64,12.0,256.0,"Smartphone Samsung Galaxy S25 Ultra Titânio Azul 256GB, Tela 6.9"", 12GB RAM, AI Inteligência Artificial, IP68, S-Pen, Snapdragon 8 Elite e 4 Câmeras",,True
FastShop,galaxy s25,147638,147638,"Smartphone Samsung Galaxy S25 Ultra Titânio Cinza 256GB, Tela 6.9"", 12GB RAM, AI Inteligência Artificial, IP68, S-Pen, Snapdragon 8 Elite e 4 Câmeras","Smartphone Samsung Galaxy S25 Ultra Titânio Cinza 256GB, Tela 6.9"", 12GB RAM, AI Inteligência Artificial, IP68, S-Pen, Snapdragon 8 Elite e 4 Câmeras",SAMSUNG,9221.11,8575.63,,https://schema.org/InStock,,cnl222,,,smartphone-samsung-galaxy-s25-ultra-titanio-cinza-256gb-tela-6-9--12gb-ram-ai-inteligencia-artificial-ip68-s-pen-snapdragon-8-elite-e-4-cameras-138934-147638,https://fastshopbr.vtexassets.com/arquivos/ids/4421243/17709793199410.jpg?v=639098617034930000,8575.63,12.0,256.0,"Smartphone Samsung Galaxy S25 Ultra Titânio Cinza 256GB, Tela 6.9"", 12GB RAM, AI Inteligência Artificial, IP68, S-Pen, Snapdragon 8 Elite e 4 Câmeras",,True
FastShop,galaxy s25,100840,100840,"Celular Samsung Galaxy S25+ 5G Prata, 256GB, 12GB RAM e Câmera Tripla de 50MP + 12MP + 10MP","Celular Samsung Galaxy S25+ 5G Prata, 256GB, 12GB RAM e Câmera Tripla de 50MP + 12MP + 10MP",SAMSUNG,8499.0,6062.77,,https://schema.org/OutOfStock,,1,,,celular-samsung-galaxy-s25--5g-prata--256gb--12gb-ram-e-camera-tripla-de-50mp---12mp---10mp-sgsms93625pta_prd-100840,https://fastshopbr.vtexassets.com/arquivos/ids/5410298/0_1103ad05-f9b8-4ff0-99b4-ab9a487d912f.jpeg.jpg?v=639219797136330000,6062.77,12.0,256.0,"Celular Samsung Galaxy S25+ 5G Prata, 256GB, 12GB RAM e Câmera Tripla de 50MP + 12MP + 10MP",,True
FastShop,galaxy s25,101088,101088,"Celular Samsung Galaxy S25 Ultra 5G Titânio Cinza, 256GB, 12GB RAM e Câmera Quádrupla 200MP + 50MP + 10MP + 50MP","Celular Samsung Galaxy S25 Ultra 5G Titânio Cinza, 256GB, 12GB RAM e Câmera Quádrupla 200MP + 50MP + 10MP + 50MP",SAMSUNG,11999.0,5318.09,,https://schema.org/OutOfStock,,1,,,celular-samsung-galaxy-s25-ultra-5g-titanio-cinza--256gb--12gb-ram-e-camera-quadrupla-200mp---50mp---10mp---50mp-sgsms93825ttz_prd-101088,https://fastshopbr.vtexassets.com/arquivos/ids/5164595/0_12d2c0a3-d646-4fa9-b9a7-7ee14c717ed8.jpeg.jpg?v=639184211106230000,5318.09,12.0,256.0,"Celular Samsung Galaxy S25 Ultra 5G Titânio Cinza, 256GB, 12GB RAM e Câmera Quádrupla 200MP + 50MP + 10MP + 50MP",,True
FastShop,galaxy s25,101197,101197,"Celular Samsung Galaxy S25 5G Azul Marinho, 256GB, 12GB RAM e Câmera Tripla de 50MP + 12MP + 10MP","Celular Samsung Galaxy S25 5G Azul Marinho, 256GB, 12GB RAM e Câmera Tripla de 50MP + 12MP + 10MP",SAMSUNG,7499.0,5318.09,,https://schema.org/OutOfStock,,1,,,celular-samsung-galaxy-s25-5g-azul-marinho--256gb--12gb-ram-e-camera-tripla-de-50mp---12mp---10mp-sgsms9312mazl_prd-101197,https://fastshopbr.vtexassets.com/arquivos/ids/5410310/0_0a690ef6-a957-4e29-8ecf-1d1c845d3b9b.jpeg.jpg?v=639219797762230000,5318.09,12.0,256.0,"Celular Samsung Galaxy S25 5G Azul Marinho, 256GB, 12GB RAM e Câmera Tripla de 50MP + 12MP + 10MP",,True
FastShop,galaxy s25,101060,101060,"Celular Samsung Galaxy S25 Ultra 5G Titânio Azul, 256GB, 12GB RAM e Câmera Quádrupla de 200MP + 50MP + 10MP + 50MP","Celular Samsung Galaxy S25 Ultra 5G Titânio Azul, 256GB, 12GB RAM e Câmera Quádrupla de 200MP + 50MP + 10MP + 50MP",SAMSUNG,11999.0,5318.09,,https://schema.org/OutOfStock,,1,,,celular-samsung-galaxy-s25-ultra-5g-titanio-azul--256gb--12gb-ram-e-camera-quadrupla-de-200mp---50mp---10mp---50mp-sgsms93825ttn_prd-101060,https://fastshopbr.vtexassets.com/arquivos/ids/5164605/0_efda5164-4816-41cf-8efc-8ab1ee3b77e7.jpeg.jpg?v=639184211703900000,5318.09,12.0,256.0,"Celular Samsung Galaxy S25 Ultra 5G Titânio Azul, 256GB, 12GB RAM e Câmera Quádrupla de 200MP + 50MP + 10MP + 50MP",,True
FastShop,galaxy s25,108548,108548,"Celular Samsung Galaxy S25 Ultra 5G Titânio Prata, 256GB, 12GB RAM e Câmera Quádrupla de 200MP + 50MP + 10MP + 50MP","Celular Samsung Galaxy S25 Ultra 5G Titânio Prata, 256GB, 12GB RAM e Câmera Quádrupla de 200MP + 50MP + 10MP + 50MP",SAMSUNG,11999.0,6569.15,,https://schema.org/OutOfStock,,1,,,celular-samsung-galaxy-s25-ultra-5g-titanio-prata--256gb--12gb-ram-e-camera-quadrupla-de-200mp---50mp---10mp---50mp-sgsms9382pttn_prd-108548,https://fastshopbr.vtexassets.com/arquivos/ids/5164610/0_39c139e8-edf3-410f-80cc-23f61b43ad8a.jpeg.jpg?v=639184211957730000,6569.15,12.0,256.0,"Celular Samsung Galaxy S25 Ultra 5G Titânio Prata, 256GB, 12GB RAM e Câmera Quádrupla de 200MP + 50MP + 10MP + 50MP",,True
FastShop,galaxy s25,101207,101207,"Celular Samsung Galaxy S25+ 5G, Azul, 256GB, 12GB RAM e Câmera Tripla de 50MP + 12MP + 10MP","Celular Samsung Galaxy S25+ 5G, Azul, 256GB, 12GB RAM e Câmera Tripla de 50MP + 12MP + 10MP",SAMSUNG,8499.0,4547.87,,https://schema.org/OutOfStock,,1,,,celular-samsung-galaxy-s25--5g--azul--256gb--12gb-ram-e-camera-tripla-de-50mp---12mp---10mp-sgsms9362aazl_prd-101207,https://fastshopbr.vtexassets.com/arquivos/ids/5165519/0_b974f3da-c3ac-4b47-9ae3-c26b32e7bfbf.jpeg.jpg?v=639184240653070000,4547.87,12.0,256.0,"Celular Samsung Galaxy S25+ 5G, Azul, 256GB, 12GB RAM e Câmera Tripla de 50MP + 12MP + 10MP",,True
FastShop,galaxy s25,101096,101096,"Celular Samsung Galaxy S25 Ultra Titânio e Preto, 256GB , 12GB RAM e Câmera Quádrupla de 200MP + 50MP + 10MP + 50MP","Celular Samsung Galaxy S25 Ultra Titânio e Preto, 256GB , 12GB RAM e Câmera Quádrupla de 200MP + 50MP + 10MP + 50MP",SAMSUNG,11999.0,6569.15,,https://schema.org/OutOfStock,,1,,,celular-samsung-galaxy-s25-ultra-titanio-e-preto--256gb---12gb-ram-e-camera-quadrupla-de-200mp---50mp---10mp---50mp-sgsms938bzttp_prd-101096,https://fastshopbr.vtexassets.com/arquivos/ids/5168129/0_ab61d881-ef12-4790-8a8d-2cd5c00b6a8b.jpeg.jpg?v=639184316070300000,6569.15,12.0,256.0,"Celular Samsung Galaxy S25 Ultra Titânio e Preto, 256GB , 12GB RAM e Câmera Quádrupla de 200MP + 50MP + 10MP + 50MP",,True
FastShop,galaxy s25,106727,106727,"Celular Samsung Galaxy S25 Edge 5G Titânio Jetblack, 512GB, 12GB RAM e Câmera Dupla de 200MP + 12MP","Celular Samsung Galaxy S25 Edge 5G Titânio Jetblack, 512GB, 12GB RAM e Câmera Dupla de 200MP + 12MP",SAMSUNG,9799.0,3499.0,,https://schema.org/OutOfStock,,1,,,celular-samsung-galaxy-s25-edge-5g-titanio-jetblack--512gb--12gb-ram-e-camera-dupla-de-200mp---12mp-sgsms937bzttp_prd-106727,https://fastshopbr.vtexassets.com/arquivos/ids/5410329/0_f1192f26-d791-44aa-bea1-f33b6f12df4c.jpeg.jpg?v=639219798606870000,3499.0,12.0,512.0,"Celular Samsung Galaxy S25 Edge 5G Titânio Jetblack, 512GB, 12GB RAM e Câmera Dupla de 200MP + 12MP",,True
FastShop,galaxy s25,101024,101024,"Celular Samsung Galaxy S25 5G, Azul, 256GB, 12GB RAM e Câmera Tripla de 50MP + 12MP + 10MP","Celular Samsung Galaxy S25 5G, Azul, 256GB, 12GB RAM e Câmera Tripla de 50MP + 12MP + 10MP",SAMSUNG,7499.0,5318.09,,https://schema.org/OutOfStock,,1,,,celular-samsung-galaxy-s25-5g--azul--256gb--12gb-ram-e-camera-tripla-de-50mp---12mp---10mp-sgsms9312aazl_prd-101024,https://fastshopbr.vtexassets.com/arquivos/ids/5410304/0_18f50d25-8670-486d-9093-ee9afe5ef224.jpeg.jpg?v=639219797458500000,5318.09,12.0,256.0,"Celular Samsung Galaxy S25 5G, Azul, 256GB, 12GB RAM e Câmera Tripla de 50MP + 12MP + 10MP",,True
FastShop,galaxy s25,100717,100717,"Celular Samsung Galaxy S25 5G Verde, 256GB, 12GB RAM e Câmera Tripla de 50MP + 12MP +10MP","Celular Samsung Galaxy S25 5G Verde, 256GB, 12GB RAM e Câmera Tripla de 50MP + 12MP +10MP",SAMSUNG,7499.0,4094.68,,https://schema.org/OutOfStock,,1,,,celular-samsung-galaxy-s25-5g-verde--256gb--12gb-ram-e-camera-tripla-de-50mp---12mp--10mp-sgsms93125vrd_prd-100717,https://fastshopbr.vtexassets.com/arquivos/ids/5164615/0_67977462-01e4-4087-bf0e-e7372eb2824c.jpeg.jpg?v=639184212227870000,4094.68,12.0,256.0,"Celular Samsung Galaxy S25 5G Verde, 256GB, 12GB RAM e Câmera Tripla de 50MP + 12MP +10MP",,True
FastShop,galaxy s25,101023,101023,"Celular Samsung Galaxy S25+ 5G Azul Marinho, 256GB, 12GB RAM e Câmera Tripla de 50MP + 12MP + 10MP","Celular Samsung Galaxy S25+ 5G Azul Marinho, 256GB, 12GB RAM e Câmera Tripla de 50MP + 12MP + 10MP",SAMSUNG,8499.0,3615.96,,https://schema.org/OutOfStock,,1,,,celular-samsung-galaxy-s25--5g-azul-marinho--256gb--12gb-ram-e-camera-tripla-de-50mp---12mp---10mp-sgsms9362mazl_prd-101023,https://fastshopbr.vtexassets.com/arquivos/ids/5164682/0_f8fe5bd0-5a3d-4111-953a-fb93f81a6dec.jpeg.jpg?v=639184215171000000,3615.96,12.0,256.0,"Celular Samsung Galaxy S25+ 5G Azul Marinho, 256GB, 12GB RAM e Câmera Tripla de 50MP + 12MP + 10MP",,True
FastShop,galaxy s25,100839,100839,"Celular Samsung Galaxy S25 5G, Prata, 256GB, 12GB RAM e Câmera Tripla de 50MP + 12MP + 10MP","Celular Samsung Galaxy S25 5G, Prata, 256GB, 12GB RAM e Câmera Tripla de 50MP + 12MP + 10MP",SAMSUNG,7499.0,4094.68,,https://schema.org/OutOfStock,,1,,,celular-samsung-galaxy-s25-5g--prata--256gb--12gb-ram-e-camera-tripla-de-50mp---12mp---10mp-sgsms93125pta_prd-100839,https://fastshopbr.vtexassets.com/arquivos/ids/5164626/0_1ee1964b-bea7-4601-ae3e-05e0887028a8.jpeg.jpg?v=639184213043570000,4094.68,12.0,256.0,"Celular Samsung Galaxy S25 5G, Prata, 256GB, 12GB RAM e Câmera Tripla de 50MP + 12MP + 10MP",,True
FastShop,galaxy s25,106767,106767,"Celular Samsung Galaxy S25 Edge 5G Titânio Prata, 512GB, 12GB RAM e Câmera Dupla de 200MP + 12MP","Celular Samsung Galaxy S25 Edge 5G Titânio Prata, 512GB, 12GB RAM e Câmera Dupla de 200MP + 12MP",SAMSUNG,9799.0,3499.0,,https://schema.org/OutOfStock,,1,,,celular-samsung-galaxy-s25-edge-5g-titanio-prata--512gb--12gb-ram-e-camera-dupla-de-200mp---12mp-sgsms937bzpta_prd-106767,https://fastshopbr.vtexassets.com/arquivos/ids/5410323/0_c6ac0be0-b7ca-436a-803e-2f8059a476b8.jpeg.jpg?v=639219798294230000,3499.0,12.0,512.0,"Celular Samsung Galaxy S25 Edge 5G Titânio Prata, 512GB, 12GB RAM e Câmera Dupla de 200MP + 12MP",,True
FastShop,galaxy s25,100935,100935,"Celular Samsung Galaxy S25+ 5G Verde, 256 GB, 12GB RAM e Câmera Tripla 50MP + 12MP + 10MP","Celular Samsung Galaxy S25+ 5G Verde, 256 GB, 12GB RAM e Câmera Tripla 50MP + 12MP + 10MP",SAMSUNG,8499.0,8499.0,,https://schema.org/OutOfStock,,1,,,celular-samsung-galaxy-s25--5g-verde--256-gb--12gb-ram-e-camera-tripla-50mp---12mp---10mp-sgsms93625vrd_prd-100935,https://fastshopbr.vtexassets.com/arquivos/ids/4532695/0_4967837a-6ab2-44cd-83cb-4ab225e85a04.jpeg.jpg?v=639111938077170000,8499.0,12.0,256.0,"Celular Samsung Galaxy S25+ 5G Verde, 256 GB, 12GB RAM e Câmera Tripla 50MP + 12MP + 10MP",,True
FastShop,galaxy s25,129104,129104,"Celular Samsung Galaxy S25 FE 5G Azul, 256GB, 8GB RAM e Câmera Tripla de 50MP + 12MP + 8MP","Celular Samsung Galaxy S25 FE 5G Azul, 256GB, 8GB RAM e Câmera Tripla de 50MP + 12MP + 8MP",SAMSUNG,5699.0,5699.0,,https://schema.org/OutOfStock,,1,,,celular-samsung-galaxy-s25-fe-5g-azul--256gb--8gb-ram-e-camera-tripla-de-50mp---12mp---8mp-sgsms7312azl_prd-129104,https://fastshopbr.vtexassets.com/arquivos/ids/5488779/0_06713350-d6bf-4ca0-b91d-ecdcd0a05f49.jpeg.jpg?v=639231809683870000,5699.0,8.0,256.0,"Celular Samsung Galaxy S25 FE 5G Azul, 256GB, 8GB RAM e Câmera Tripla de 50MP + 12MP + 8MP",,True
FastShop,galaxy s25,129103,129103,"Celular Samsung Galaxy S25 FE 5G Azul Marinho, 128GB, 8GB RAM e Câmera Tripla de 50MP + 12MP + 8MP","Celular Samsung Galaxy S25 FE 5G Azul Marinho, 128GB, 8GB RAM e Câmera Tripla de 50MP + 12MP + 8MP",SAMSUNG,4299.0,4299.0,,https://schema.org/OutOfStock,,1,,,celular-samsung-galaxy-s25-fe-5g-azul-marinho--128gb--8gb-ram-e-camera-tripla-de-50mp---12mp---8mp-sgsms7311azm_prd-129103,https://fastshopbr.vtexassets.com/arquivos/ids/5488770/0_d8411c42-dec1-4d64-92f5-733ab0ab767e.jpeg.jpg?v=639231809379970000,4299.0,8.0,128.0,"Celular Samsung Galaxy S25 FE 5G Azul Marinho, 128GB, 8GB RAM e Câmera Tripla de 50MP + 12MP + 8MP",,True
FastShop,galaxy s25,129105,129105,"Celular Samsung Galaxy S25 FE 5G Azul Marinho, 256GB, 8GB RAM e Câmera Tripla de 50MP + 12MP + 8MP","Celular Samsung Galaxy S25 FE 5G Azul Marinho, 256GB, 8GB RAM e Câmera Tripla de 50MP + 12MP + 8MP",SAMSUNG,5699.0,5699.0,,https://schema.org/OutOfStock,,1,,,celular-samsung-galaxy-s25-fe-5g-azul-marinho--256gb--8gb-ram-e-camera-tripla-de-50mp---12mp---8mp-sgsms7312azm_prd-129105,https://fastshopbr.vtexassets.com/arquivos/ids/5469521/0_29d925f8-1acd-453c-b7fe-d94c1a407bc2.jpeg.jpg?v=639228207740930000,5699.0,8.0,256.0,"Celular Samsung Galaxy S25 FE 5G Azul Marinho, 256GB, 8GB RAM e Câmera Tripla de 50MP + 12MP + 8MP",,True
FastShop,galaxy s25,129101,129101,"Celular Samsung Galaxy S25 FE 5G JetBlack, 256GB, 8GB RAM e Câmera Tripla de 50MP + 12MP + 8MP","Celular Samsung Galaxy S25 FE 5G JetBlack, 256GB, 8GB RAM e Câmera Tripla de 50MP + 12MP + 8MP",SAMSUNG,5699.0,5699.0,,https://schema.org/OutOfStock,,1,,,celular-samsung-galaxy-s25-fe-5g-jetblack--256gb--8gb-ram-e-camera-tripla-de-50mp---12mp---8mp-sgsms7312pto_prd-129101,https://fastshopbr.vtexassets.com/arquivos/ids/5488787/0_4403f61a-dc6e-40b7-bca0-1b1500cc14c9.jpeg.jpg?v=639231809967570000,5699.0,8.0,256.0,"Celular Samsung Galaxy S25 FE 5G JetBlack, 256GB, 8GB RAM e Câmera Tripla de 50MP + 12MP + 8MP",,True
FastShop,galaxy s24,15394,15394,Película Protetora Anti-Reflexo para Galaxy S24 - Samsung - EFUS921CT,Película Protetora Anti-Reflexo para Galaxy S24 - Samsung - EFUS921CT,SAMSUNG,9.0,8.46,,https://schema.org/OutOfStock,,1,,,pelicula-protetora-anti-reflexo-para-galaxy-s24---samsung---efus921ct-sgefus921ct_prd-15394,https://fastshopbr.vtexassets.com/arquivos/ids/5102618/0_b6ed0d1f-338e-4022-b7db-5edd7ff0564c.jpeg.jpg?v=639179163403200000,8.46,,,Película Protetora Anti-Reflexo para Galaxy S24 - Samsung - EFUS921CT,preço incompatível com smartphone do escopo,False
FastShop,galaxy s24,15354,15354,Capa Protetora para Galaxy S24 Robusta Violeta Escura - Samsung - GPFPS921S,Capa Protetora para Galaxy S24 Robusta Violeta Escura - Samsung - GPFPS921S,SAMSUNG,39.0,29.0,,https://schema.org/OutOfStock,,1,,,capa-protetora-para-galaxy-s24-robusta-violeta-escura---samsung---gpfps921s-sggpfps921vlt_prd-15354,https://fastshopbr.vtexassets.com/arquivos/ids/5102224/0_0_675b43c4447c42f8bd0a022f.jpg?v=639179151279230000,29.0,,,Capa Protetora para Galaxy S24 Robusta Violeta Escura - Samsung - GPFPS921S,preço incompatível com smartphone do escopo,False
FastShop,galaxy s24,15135,15135,Capa Protetora para Galaxy S24 Ultra em Clear Transparente - Samsung - GPFPS928S,Capa Protetora para Galaxy S24 Ultra em Clear Transparente - Samsung - GPFPS928S,SAMSUNG,45.2,23.0,,https://schema.org/OutOfStock,,1,,,capa-protetora-para-galaxy-s24-ultra-em-clear-transparente---samsung---gpfps928s-sggpfps928s_prd-15135,https://fastshopbr.vtexassets.com/arquivos/ids/5102221/0_0_675b43c5447c42f8bd0a0232.jpg?v=639179151118270000,23.0,,,Capa Protetora para Galaxy S24 Ultra em Clear Transparente - Samsung - GPFPS928S,preço incompatível com smartphone do escopo,False
FastShop,galaxy a57,183218,183218,"Smartphone Samsung Galaxy A57 5G Tela 6.7"" 128GB Câmera 50MP Azul Escuro","Smartphone Samsung Galaxy A57 5G Tela 6.7"" 128GB Câmera 50MP Azul Escuro",SAMSUNG,3115.44,2582.29,,https://schema.org/InStock,,cnl223,,,smartphone-samsung-galaxy-a57-5g-tela-6-7--128gb-camera-50mp-azul-escuro-173064-183218,https://fastshopbr.vtexassets.com/arquivos/ids/4990593/17806518286297.jpg?v=639162743286970000,2582.29,,128.0,"Smartphone Samsung Galaxy A57 5G Tela 6.7"" 128GB Câmera 50MP Azul Escuro",,True
FastShop,galaxy a57,182736,182736,"Smartphone Samsung Galaxy A57 5G Tela 6.7"" 128GB Câmera 50MP Azul Escuro","Smartphone Samsung Galaxy A57 5G Tela 6.7"" 128GB Câmera 50MP Azul Escuro",SAMSUNG,2859.97,2582.29,,https://schema.org/InStock,,cnl222,,,smartphone-samsung-galaxy-a57-5g-tela-6-7--128gb-camera-50mp-azul-escuro-172580-182736,https://fastshopbr.vtexassets.com/arquivos/ids/4987362/17805657580085.jpg?v=639162654164300000,2582.29,,128.0,"Smartphone Samsung Galaxy A57 5G Tela 6.7"" 128GB Câmera 50MP Azul Escuro",,True
FastShop,galaxy a37,171556,171556,"Smartphone Samsung Galaxy A37 5G Tela 6.7"" 128GB Câmera 50MP Verde","Smartphone Samsung Galaxy A37 5G Tela 6.7"" 128GB Câmera 50MP Verde",SAMSUNG,2610.01,2427.31,,https://schema.org/InStock,,cnl223,,,smartphone-samsung-galaxy-a37-5g-tela-6-7--128gb-camera-50mp-verde-161410-171556,https://fastshopbr.vtexassets.com/arquivos/ids/4685005/17773861562119.jpg?v=639129952180630000,2427.31,,128.0,"Smartphone Samsung Galaxy A37 5G Tela 6.7"" 128GB Câmera 50MP Verde",,True
FastShop,galaxy a37,171551,171551,"Smartphone Samsung Galaxy A37 5G Tela 6.7"" 128GB Câmera 50MP Preto","Smartphone Samsung Galaxy A37 5G Tela 6.7"" 128GB Câmera 50MP Preto",SAMSUNG,2609.99,2427.29,,https://schema.org/InStock,,cnl223,,,smartphone-samsung-galaxy-a37-5g-tela-6-7--128gb-camera-50mp-preto-161405-171551,https://fastshopbr.vtexassets.com/arquivos/ids/4684999/17773862705877.jpg?v=639129952179700000,2427.29,,128.0,"Smartphone Samsung Galaxy A37 5G Tela 6.7"" 128GB Câmera 50MP Preto",,True
FastShop,galaxy a37,171585,171585,"Smartphone Samsung Galaxy A37 5G Tela 6.7"" 256GB Câmera 50MP Verde","Smartphone Samsung Galaxy A37 5G Tela 6.7"" 256GB Câmera 50MP Verde",SAMSUNG,2952.42,2685.63,,https://schema.org/InStock,,cnl222,,,smartphone-samsung-galaxy-a37-5g-tela-6-7--256gb-camera-50mp-verde-161439-171585,https://fastshopbr.vtexassets.com/arquivos/ids/4685233/17773861631111.jpg?v=639129953193470000,2685.63,,256.0,"Smartphone Samsung Galaxy A37 5G Tela 6.7"" 256GB Câmera 50MP Verde",,True
FastShop,galaxy a37,171562,171562,"Smartphone Samsung Galaxy A37 5G Tela 6.7"" 256GB Câmera 50MP Verde","Smartphone Samsung Galaxy A37 5G Tela 6.7"" 256GB Câmera 50MP Verde",SAMSUNG,2887.77,2685.63,,https://schema.org/InStock,,cnl223,,,smartphone-samsung-galaxy-a37-5g-tela-6-7--256gb-camera-50mp-verde-161416-171562,https://fastshopbr.vtexassets.com/arquivos/ids/4685000/17773862433624.jpg?v=639129952179700000,2685.63,,256.0,"Smartphone Samsung Galaxy A37 5G Tela 6.7"" 256GB Câmera 50MP Verde",,True
FastShop,galaxy a37,171593,171593,"Smartphone Samsung Galaxy A37 5G Tela 6.7"" 256GB Câmera 50MP Branco","Smartphone Samsung Galaxy A37 5G Tela 6.7"" 256GB Câmera 50MP Branco",SAMSUNG,2887.79,2685.64,,https://schema.org/InStock,,cnl222,,,smartphone-samsung-galaxy-a37-5g-tela-6-7--256gb-camera-50mp-branco-161447-171593,https://fastshopbr.vtexassets.com/arquivos/ids/4685312/17768486900617.jpg?v=639129953200370000,2685.64,,256.0,"Smartphone Samsung Galaxy A37 5G Tela 6.7"" 256GB Câmera 50MP Branco",,True
FastShop,galaxy a37,171581,171581,"Smartphone Samsung Galaxy A37 5G Tela 6.7"" 128GB Câmera 50MP Verde","Smartphone Samsung Galaxy A37 5G Tela 6.7"" 128GB Câmera 50MP Verde",SAMSUNG,2610.01,2427.31,,https://schema.org/InStock,,cnl222,,,smartphone-samsung-galaxy-a37-5g-tela-6-7--128gb-camera-50mp-verde-161435-171581,https://fastshopbr.vtexassets.com/arquivos/ids/4685243/17773862671424.jpg?v=639129953194400000,2427.31,,128.0,"Smartphone Samsung Galaxy A37 5G Tela 6.7"" 128GB Câmera 50MP Verde",,True
FastShop,galaxy a37,171574,171574,"Smartphone Samsung Galaxy A37 5G Tela 6.7"" 128GB Câmera 50MP Preto","Smartphone Samsung Galaxy A37 5G Tela 6.7"" 128GB Câmera 50MP Preto",SAMSUNG,2609.99,2427.29,,https://schema.org/InStock,,cnl222,,,smartphone-samsung-galaxy-a37-5g-tela-6-7--128gb-camera-50mp-preto-161428-171574,https://fastshopbr.vtexassets.com/arquivos/ids/4685213/17773862987038.jpg?v=639129953191270000,2427.29,,128.0,"Smartphone Samsung Galaxy A37 5G Tela 6.7"" 128GB Câmera 50MP Preto",,True
FastShop,galaxy a37,171560,171560,"Smartphone Samsung Galaxy A37 5G Tela 6.7"" 128GB Câmera 50MP Lavanda","Smartphone Samsung Galaxy A37 5G Tela 6.7"" 128GB Câmera 50MP Lavanda",SAMSUNG,2610.01,2610.01,,https://schema.org/InStock,,cnl223,,,smartphone-samsung-galaxy-a37-5g-tela-6-7--128gb-camera-50mp-lavanda-161414-171560,https://fastshopbr.vtexassets.com/arquivos/ids/4685060/17769800922168.jpg?v=639129952184070000,2610.01,,128.0,"Smartphone Samsung Galaxy A37 5G Tela 6.7"" 128GB Câmera 50MP Lavanda",,True
FastShop,galaxy a37,171592,171592,"Smartphone Samsung Galaxy A37 5G Tela 6.7"" 128GB Câmera 50MP Lavanda","Smartphone Samsung Galaxy A37 5G Tela 6.7"" 128GB Câmera 50MP Lavanda",SAMSUNG,2610.01,2610.01,,https://schema.org/InStock,,cnl222,,,smartphone-samsung-galaxy-a37-5g-tela-6-7--128gb-camera-50mp-lavanda-161446-171592,https://fastshopbr.vtexassets.com/arquivos/ids/4685389/17768487666318.jpg?v=639129953206970000,2610.01,,128.0,"Smartphone Samsung Galaxy A37 5G Tela 6.7"" 128GB Câmera 50MP Lavanda",,True
