termo_busca,id,sku,nome,produto_grupo,product_group_id,fabricante,gtin,preco,preco_lista,preco_minimo,estoque,vendedor,imagem,slug,voltagem,cor
galaxy s26,167327,167327,"Smartphone Samsung Galaxy S26 5G Tela 6.3"" 256GB Câmera 50MP Violeta / Bivolt","Smartphone Samsung Galaxy S26 5G Tela 6.3"" 256GB Câmera 50MP",157112,SAMSUNG,7892509147552,5940.63,6387.77,5940.63,https://schema.org/InStock,cnl222,https://fastshopbr.vtexassets.com/arquivos/ids/4471278/17749033630275.jpg?v=639105011688670000,smartphone-samsung-galaxy-s26-5g-tela-6-3--256gb-camera-50mp-157112-167327,Bivolt,Violeta
galaxy s26,170521,170521,"Smartphone Samsung Galaxy S26 Ultra 5G Tela 6.9"" 256GB Câmera Quadrupla 200MP Violeta / Bivolt","Smartphone Samsung Galaxy S26 Ultra 5G Tela 6.9"" 256GB Câmera Quadrupla 200MP",160410,SAMSUNG,7892509147828,9815.64,10554.45,9815.64,https://schema.org/InStock,cnl222,https://fastshopbr.vtexassets.com/arquivos/ids/4646704/17749057447893.jpg?v=639124783648170000,smartphone-samsung-galaxy-s26-ultra-5g-tela-6-9--256gb-camera-quadrupla-200mp-160410-170521,Bivolt,Violeta
galaxy s26,167325,167325,"Smartphone Samsung Galaxy S26 5G Tela 6.3"" 256GB Câmera 50MP Violeta / Bivolt","Smartphone Samsung Galaxy S26 5G Tela 6.3"" 256GB Câmera 50MP",157100,SAMSUNG,7892509147552,5940.63,7723.62,5940.63,https://schema.org/InStock,cnl223,https://fastshopbr.vtexassets.com/arquivos/ids/4522304/17755033580506.jpg?v=639111007432630000,smartphone-samsung-galaxy-s26-5g-tela-6-3--256gb-camera-50mp-157100-167325,Bivolt,Violeta
galaxy s26,170508,170508,"Smartphone Samsung Galaxy S26 Ultra 5G Tela 6.9"" 256GB Câmera Quadrupla 200MP Violeta / Bivolt","Smartphone Samsung Galaxy S26 Ultra 5G Tela 6.9"" 256GB Câmera Quadrupla 200MP",160397,SAMSUNG,7892509147828,9815.64,11497.54,9815.64,https://schema.org/InStock,cnl223,https://fastshopbr.vtexassets.com/arquivos/ids/4646581/17749057370416.jpg?v=639124783635170000,smartphone-samsung-galaxy-s26-ultra-5g-tela-6-9--256gb-camera-quadrupla-200mp-160397-170508,Bivolt,Violeta
galaxy s26,170513,170513,"Smartphone Samsung Galaxy S26+ 5G Tela 6.7"" 256GB Câmera 50MP Violeta / Bivolt","Smartphone Samsung Galaxy S26+ 5G Tela 6.7"" 256GB Câmera 50MP",160403,SAMSUNG,7892509147446,8555.08,9199.01,8555.08,https://schema.org/InStock,cnl223,https://fastshopbr.vtexassets.com/arquivos/ids/4646592/17749053438804.jpg?v=639124783636470000,smartphone-samsung-galaxy-s26--5g-tela-6-7--256gb-camera-50mp-160403-170513,Bivolt,Violeta
galaxy s26,170511,170511,"Smartphone Samsung Galaxy S26+ 5G Tela 6.7"" 256GB Câmera 50MP Violeta / Bivolt","Smartphone Samsung Galaxy S26+ 5G Tela 6.7"" 256GB Câmera 50MP",160400,SAMSUNG,7892509147446,8555.08,9199.01,8555.08,https://schema.org/InStock,cnl222,https://fastshopbr.vtexassets.com/arquivos/ids/4646617/17749053421968.jpg?v=639124783638100000,smartphone-samsung-galaxy-s26--5g-tela-6-7--256gb-camera-50mp-160400-170511,Bivolt,Violeta
galaxy s25,143884,143884,"Smartphone Samsung Galaxy S25 5G Prata 256GB, Tela de 6.2"", 12GB RAM, AI Inteligência Artificial, IP68, Processador Snapdragon 8 Elite e Câmera Tripla","Smartphone Samsung Galaxy S25 5G Prata 256GB, Tela de 6.2"", 12GB RAM, AI Inteligência Artificial, IP68, Processador Snapdragon 8 Elite e Câmera Tripla",135374,SAMSUNG,7892509139830,4648.96,5376.6,4648.96,https://schema.org/InStock,cnl223,https://fastshopbr.vtexassets.com/arquivos/ids/4090563/17714331425336.jpg?v=639070299578030000,smartphone-samsung-galaxy-s25-5g-prata-256gb-tela-de-6-2-12gb-ram-ai-inteligencia-artificial-ip68-processador-snapdragon-8-elite-e-camera-tripla-135374-143884,Bivolt,
galaxy s25,143921,143921,"Smartphone Samsung Galaxy S25 Ultra Titânio Preto 256GB, Tela 6.9, 12GB RAM, AI Inteligência Artificial, IP68, S-Pen, Snapdragon 8 Elite e 4 Câmeras","Smartphone Samsung Galaxy S25 Ultra Titânio Preto 256GB, Tela 6.9, 12GB RAM, AI Inteligência Artificial, IP68, S-Pen, Snapdragon 8 Elite e 4 Câmeras",135411,SAMSUNG,7892509139700,8575.62,9221.1,8575.62,https://schema.org/InStock,cnl223,https://fastshopbr.vtexassets.com/arquivos/ids/3987511/17707177563222.jpg?v=639063201797300000,smartphone-samsung-galaxy-s25-ultra-titanio-preto-256gb-tela-6-9-12gb-ram-ai-inteligencia-artificial-ip68-s-pen-snapdragon-8-elite-e-4-cameras-135411-143921,Bivolt,
galaxy s25,147825,147825,"Smartphone Samsung Galaxy S25 FE 5G Tela 6,7 AMOLED 256GB 8GB RAM Câmera 50MP Azul-Marinho","Smartphone Samsung Galaxy S25 FE 5G Tela 6,7 AMOLED 256GB 8GB RAM Câmera 50MP Azul-Marinho",139116,SAMSUNG,7892509145022,4091.05,4398.98,4091.05,https://schema.org/InStock,cnl222,https://fastshopbr.vtexassets.com/arquivos/ids/4008139/17708182577529.jpg?v=639064150716870000,smartphone-samsung-galaxy-s25-fe-5g-tela-67-amoled-256gb-8gb-ram-camera-50mp-azul-marinho-139116-147825,Bivolt,
galaxy s25,143890,143890,"Smartphone Samsung Galaxy S25 Ultra Titânio Azul 256GB, Tela 6.9"", 12GB RAM, AI Inteligência Artificial, IP68, S-Pen, Snapdragon 8 Elite e 4 Câmeras","Smartphone Samsung Galaxy S25 Ultra Titânio Azul 256GB, Tela 6.9"", 12GB RAM, AI Inteligência Artificial, IP68, S-Pen, Snapdragon 8 Elite e 4 Câmeras",135380,SAMSUNG,7892509139625,8575.64,9221.12,8575.64,https://schema.org/InStock,cnl223,https://fastshopbr.vtexassets.com/arquivos/ids/3998438/17707179785877.jpg?v=639063544988930000,smartphone-samsung-galaxy-s25-ultra-titanio-azul-256gb-tela-6-9-12gb-ram-ai-inteligencia-artificial-ip68-s-pen-snapdragon-8-elite-e-4-cameras-135380-143890,Bivolt,
galaxy s25,147641,147641,"Smartphone Samsung Galaxy S25 5G Prata 256GB, Tela de 6.2"", 12GB RAM, AI Inteligência Artificial, IP68, Processador Snapdragon 8 Elite e Câmera Tripla","Smartphone Samsung Galaxy S25 5G Prata 256GB, Tela de 6.2"", 12GB RAM, AI Inteligência Artificial, IP68, Processador Snapdragon 8 Elite e Câmera Tripla",138936,SAMSUNG,7892509139830,4648.96,4998.88,4648.96,https://schema.org/InStock,cnl222,https://fastshopbr.vtexassets.com/arquivos/ids/4088296/17710047026636.jpg?v=639070211363000000,smartphone-samsung-galaxy-s25-5g-prata-256gb-tela-de-6-2--12gb-ram-ai-inteligencia-artificial-ip68-processador-snapdragon-8-elite-e-camera-tripla-138936-147641,Bivolt,
galaxy s25,143912,143912,"Smartphone Samsung Galaxy S25 FE 5G Tela 6,7” AMOLED 256GB 8GB RAM Câmera 50MP Azul-Marinho","Smartphone Samsung Galaxy S25 FE 5G Tela 6,7” AMOLED 256GB 8GB RAM Câmera 50MP Azul-Marinho",135402,SAMSUNG,7892509145022,4091.05,4553.33,4091.05,https://schema.org/InStock,cnl223,https://fastshopbr.vtexassets.com/arquivos/ids/5059722/17816026908392.jpg?v=639172161723500000,smartphone-samsung-galaxy-s25-fe-5g-tela-67”-amoled-256gb-8gb-ram-camera-50mp-azul-marinho-135402-143912,Bivolt,
galaxy s25,147663,147663,"Smartphone Samsung Galaxy S25 Ultra Titânio Preto 256GB, Tela 6.9"", 12GB RAM, AI Inteligência Artificial, IP68, S-Pen, Snapdragon 8 Elite e 4 Câmeras","Smartphone Samsung Galaxy S25 Ultra Titânio Preto 256GB, Tela 6.9"", 12GB RAM, AI Inteligência Artificial, IP68, S-Pen, Snapdragon 8 Elite e 4 Câmeras",138953,SAMSUNG,7892509139700,8575.62,9221.1,8575.62,https://schema.org/InStock,cnl222,https://fastshopbr.vtexassets.com/arquivos/ids/3987498/17707160210355.jpg?v=639063201686070000,smartphone-samsung-galaxy-s25-ultra-titanio-preto-256gb-tela-6-9--12gb-ram-ai-inteligencia-artificial-ip68-s-pen-snapdragon-8-elite-e-4-cameras-138953-147663,Bivolt,
galaxy s25,147649,147649,"Smartphone Samsung Galaxy S25 Ultra Titânio Azul 256GB, Tela 6.9"", 12GB RAM, AI Inteligência Artificial, IP68, S-Pen, Snapdragon 8 Elite e 4 Câmeras","Smartphone Samsung Galaxy S25 Ultra Titânio Azul 256GB, Tela 6.9"", 12GB RAM, AI Inteligência Artificial, IP68, S-Pen, Snapdragon 8 Elite e 4 Câmeras",138939,SAMSUNG,7892509139625,8575.64,9221.12,8575.64,https://schema.org/InStock,cnl222,https://fastshopbr.vtexassets.com/arquivos/ids/3998527/17707161013062.jpg?v=639063545465130000,smartphone-samsung-galaxy-s25-ultra-titanio-azul-256gb-tela-6-9--12gb-ram-ai-inteligencia-artificial-ip68-s-pen-snapdragon-8-elite-e-4-cameras-138939-147649,Bivolt,
galaxy s25,147638,147638,"Smartphone Samsung Galaxy S25 Ultra Titânio Cinza 256GB, Tela 6.9"", 12GB RAM, AI Inteligência Artificial, IP68, S-Pen, Snapdragon 8 Elite e 4 Câmeras","Smartphone Samsung Galaxy S25 Ultra Titânio Cinza 256GB, Tela 6.9"", 12GB RAM, AI Inteligência Artificial, IP68, S-Pen, Snapdragon 8 Elite e 4 Câmeras",138934,SAMSUNG,7892509139670,8575.63,9221.11,8575.63,https://schema.org/InStock,cnl222,https://fastshopbr.vtexassets.com/arquivos/ids/4421243/17709793199410.jpg?v=639098617034930000,smartphone-samsung-galaxy-s25-ultra-titanio-cinza-256gb-tela-6-9--12gb-ram-ai-inteligencia-artificial-ip68-s-pen-snapdragon-8-elite-e-4-cameras-138934-147638,Bivolt,
galaxy s25,100840,100840,"Celular Samsung Galaxy S25+ 5G Prata, 256GB, 12GB RAM e Câmera Tripla de 50MP + 12MP + 10MP","Celular Samsung Galaxy S25+ 5G Prata, 256GB, 12GB RAM e Câmera Tripla de 50MP + 12MP + 10MP",95816,SAMSUNG,7892509139731,6062.77,8499.0,0.0,https://schema.org/OutOfStock,1,https://fastshopbr.vtexassets.com/arquivos/ids/5410298/0_1103ad05-f9b8-4ff0-99b4-ab9a487d912f.jpeg.jpg?v=639219797136330000,celular-samsung-galaxy-s25--5g-prata--256gb--12gb-ram-e-camera-tripla-de-50mp---12mp---10mp-sgsms93625pta_prd-100840,Bivolt,
galaxy s25,101088,101088,"Celular Samsung Galaxy S25 Ultra 5G Titânio Cinza, 256GB, 12GB RAM e Câmera Quádrupla 200MP + 50MP + 10MP + 50MP","Celular Samsung Galaxy S25 Ultra 5G Titânio Cinza, 256GB, 12GB RAM e Câmera Quádrupla 200MP + 50MP + 10MP + 50MP",96046,SAMSUNG,7892509139670,5318.09,11999.0,0.0,https://schema.org/OutOfStock,1,https://fastshopbr.vtexassets.com/arquivos/ids/5164595/0_12d2c0a3-d646-4fa9-b9a7-7ee14c717ed8.jpeg.jpg?v=639184211106230000,celular-samsung-galaxy-s25-ultra-5g-titanio-cinza--256gb--12gb-ram-e-camera-quadrupla-200mp---50mp---10mp---50mp-sgsms93825ttz_prd-101088,Bivolt,
galaxy s25,101197,101197,"Celular Samsung Galaxy S25 5G Azul Marinho, 256GB, 12GB RAM e Câmera Tripla de 50MP + 12MP + 10MP","Celular Samsung Galaxy S25 5G Azul Marinho, 256GB, 12GB RAM e Câmera Tripla de 50MP + 12MP + 10MP",95992,SAMSUNG,7892509139861,5318.09,7499.0,0.0,https://schema.org/OutOfStock,1,https://fastshopbr.vtexassets.com/arquivos/ids/5410310/0_0a690ef6-a957-4e29-8ecf-1d1c845d3b9b.jpeg.jpg?v=639219797762230000,celular-samsung-galaxy-s25-5g-azul-marinho--256gb--12gb-ram-e-camera-tripla-de-50mp---12mp---10mp-sgsms9312mazl_prd-101197,Bivolt,
galaxy s25,101060,101060,"Celular Samsung Galaxy S25 Ultra 5G Titânio Azul, 256GB, 12GB RAM e Câmera Quádrupla de 200MP + 50MP + 10MP + 50MP","Celular Samsung Galaxy S25 Ultra 5G Titânio Azul, 256GB, 12GB RAM e Câmera Quádrupla de 200MP + 50MP + 10MP + 50MP",95990,SAMSUNG,7892509139625,5318.09,11999.0,0.0,https://schema.org/OutOfStock,1,https://fastshopbr.vtexassets.com/arquivos/ids/5164605/0_efda5164-4816-41cf-8efc-8ab1ee3b77e7.jpeg.jpg?v=639184211703900000,celular-samsung-galaxy-s25-ultra-5g-titanio-azul--256gb--12gb-ram-e-camera-quadrupla-de-200mp---50mp---10mp---50mp-sgsms93825ttn_prd-101060,Bivolt,
galaxy s25,108548,108548,"Celular Samsung Galaxy S25 Ultra 5G Titânio Prata, 256GB, 12GB RAM e Câmera Quádrupla de 200MP + 50MP + 10MP + 50MP","Celular Samsung Galaxy S25 Ultra 5G Titânio Prata, 256GB, 12GB RAM e Câmera Quádrupla de 200MP + 50MP + 10MP + 50MP",103525,SAMSUNG,7892509142557,6569.15,11999.0,0.0,https://schema.org/OutOfStock,1,https://fastshopbr.vtexassets.com/arquivos/ids/5164610/0_39c139e8-edf3-410f-80cc-23f61b43ad8a.jpeg.jpg?v=639184211957730000,celular-samsung-galaxy-s25-ultra-5g-titanio-prata--256gb--12gb-ram-e-camera-quadrupla-de-200mp---50mp---10mp---50mp-sgsms9382pttn_prd-108548,Bivolt,
galaxy s25,101207,101207,"Celular Samsung Galaxy S25+ 5G, Azul, 256GB, 12GB RAM e Câmera Tripla de 50MP + 12MP + 10MP","Celular Samsung Galaxy S25+ 5G, Azul, 256GB, 12GB RAM e Câmera Tripla de 50MP + 12MP + 10MP",96158,SAMSUNG,7892509139793,4547.87,8499.0,0.0,https://schema.org/OutOfStock,1,https://fastshopbr.vtexassets.com/arquivos/ids/5165519/0_b974f3da-c3ac-4b47-9ae3-c26b32e7bfbf.jpeg.jpg?v=639184240653070000,celular-samsung-galaxy-s25--5g--azul--256gb--12gb-ram-e-camera-tripla-de-50mp---12mp---10mp-sgsms9362aazl_prd-101207,Bivolt,
galaxy s25,101096,101096,"Celular Samsung Galaxy S25 Ultra Titânio e Preto, 256GB , 12GB RAM e Câmera Quádrupla de 200MP + 50MP + 10MP + 50MP","Celular Samsung Galaxy S25 Ultra Titânio e Preto, 256GB , 12GB RAM e Câmera Quádrupla de 200MP + 50MP + 10MP + 50MP",96053,SAMSUNG,7892509139700,6569.15,11999.0,0.0,https://schema.org/OutOfStock,1,https://fastshopbr.vtexassets.com/arquivos/ids/5168129/0_ab61d881-ef12-4790-8a8d-2cd5c00b6a8b.jpeg.jpg?v=639184316070300000,celular-samsung-galaxy-s25-ultra-titanio-e-preto--256gb---12gb-ram-e-camera-quadrupla-de-200mp---50mp---10mp---50mp-sgsms938bzttp_prd-101096,Bivolt,
galaxy s25,106727,106727,"Celular Samsung Galaxy S25 Edge 5G Titânio Jetblack, 512GB, 12GB RAM e Câmera Dupla de 200MP + 12MP","Celular Samsung Galaxy S25 Edge 5G Titânio Jetblack, 512GB, 12GB RAM e Câmera Dupla de 200MP + 12MP",101500,SAMSUNG,7892509143981,3499.0,9799.0,0.0,https://schema.org/OutOfStock,1,https://fastshopbr.vtexassets.com/arquivos/ids/5410329/0_f1192f26-d791-44aa-bea1-f33b6f12df4c.jpeg.jpg?v=639219798606870000,celular-samsung-galaxy-s25-edge-5g-titanio-jetblack--512gb--12gb-ram-e-camera-dupla-de-200mp---12mp-sgsms937bzttp_prd-106727,Bivolt,
galaxy s25,101024,101024,"Celular Samsung Galaxy S25 5G, Azul, 256GB, 12GB RAM e Câmera Tripla de 50MP + 12MP + 10MP","Celular Samsung Galaxy S25 5G, Azul, 256GB, 12GB RAM e Câmera Tripla de 50MP + 12MP + 10MP",96052,SAMSUNG,7892509139892,5318.09,7499.0,0.0,https://schema.org/OutOfStock,1,https://fastshopbr.vtexassets.com/arquivos/ids/5410304/0_18f50d25-8670-486d-9093-ee9afe5ef224.jpeg.jpg?v=639219797458500000,celular-samsung-galaxy-s25-5g--azul--256gb--12gb-ram-e-camera-tripla-de-50mp---12mp---10mp-sgsms9312aazl_prd-101024,Bivolt,
galaxy s25,100717,100717,"Celular Samsung Galaxy S25 5G Verde, 256GB, 12GB RAM e Câmera Tripla de 50MP + 12MP +10MP","Celular Samsung Galaxy S25 5G Verde, 256GB, 12GB RAM e Câmera Tripla de 50MP + 12MP +10MP",95700,SAMSUNG,7892509139878,4094.68,7499.0,0.0,https://schema.org/OutOfStock,1,https://fastshopbr.vtexassets.com/arquivos/ids/5164615/0_67977462-01e4-4087-bf0e-e7372eb2824c.jpeg.jpg?v=639184212227870000,celular-samsung-galaxy-s25-5g-verde--256gb--12gb-ram-e-camera-tripla-de-50mp---12mp--10mp-sgsms93125vrd_prd-100717,Bivolt,
galaxy s25,101023,101023,"Celular Samsung Galaxy S25+ 5G Azul Marinho, 256GB, 12GB RAM e Câmera Tripla de 50MP + 12MP + 10MP","Celular Samsung Galaxy S25+ 5G Azul Marinho, 256GB, 12GB RAM e Câmera Tripla de 50MP + 12MP + 10MP",95991,SAMSUNG,7892509139809,3615.96,8499.0,0.0,https://schema.org/OutOfStock,1,https://fastshopbr.vtexassets.com/arquivos/ids/5164682/0_f8fe5bd0-5a3d-4111-953a-fb93f81a6dec.jpeg.jpg?v=639184215171000000,celular-samsung-galaxy-s25--5g-azul-marinho--256gb--12gb-ram-e-camera-tripla-de-50mp---12mp---10mp-sgsms9362mazl_prd-101023,Bivolt,
galaxy s25,100839,100839,"Celular Samsung Galaxy S25 5G, Prata, 256GB, 12GB RAM e Câmera Tripla de 50MP + 12MP + 10MP","Celular Samsung Galaxy S25 5G, Prata, 256GB, 12GB RAM e Câmera Tripla de 50MP + 12MP + 10MP",95814,SAMSUNG,7892509139830,4094.68,7499.0,0.0,https://schema.org/OutOfStock,1,https://fastshopbr.vtexassets.com/arquivos/ids/5164626/0_1ee1964b-bea7-4601-ae3e-05e0887028a8.jpeg.jpg?v=639184213043570000,celular-samsung-galaxy-s25-5g--prata--256gb--12gb-ram-e-camera-tripla-de-50mp---12mp---10mp-sgsms93125pta_prd-100839,Bivolt,
galaxy s25,106767,106767,"Celular Samsung Galaxy S25 Edge 5G Titânio Prata, 512GB, 12GB RAM e Câmera Dupla de 200MP + 12MP","Celular Samsung Galaxy S25 Edge 5G Titânio Prata, 512GB, 12GB RAM e Câmera Dupla de 200MP + 12MP",101539,SAMSUNG,7892509143967,3499.0,9799.0,0.0,https://schema.org/OutOfStock,1,https://fastshopbr.vtexassets.com/arquivos/ids/5410323/0_c6ac0be0-b7ca-436a-803e-2f8059a476b8.jpeg.jpg?v=639219798294230000,celular-samsung-galaxy-s25-edge-5g-titanio-prata--512gb--12gb-ram-e-camera-dupla-de-200mp---12mp-sgsms937bzpta_prd-106767,Bivolt,
galaxy s25,100935,100935,"Celular Samsung Galaxy S25+ 5G Verde, 256 GB, 12GB RAM e Câmera Tripla 50MP + 12MP + 10MP","Celular Samsung Galaxy S25+ 5G Verde, 256 GB, 12GB RAM e Câmera Tripla 50MP + 12MP + 10MP",95910,SAMSUNG,7892509139779,8499.0,8499.0,0.0,https://schema.org/OutOfStock,1,https://fastshopbr.vtexassets.com/arquivos/ids/4532695/0_4967837a-6ab2-44cd-83cb-4ab225e85a04.jpeg.jpg?v=639111938077170000,celular-samsung-galaxy-s25--5g-verde--256-gb--12gb-ram-e-camera-tripla-50mp---12mp---10mp-sgsms93625vrd_prd-100935,Bivolt,
galaxy s25,129104,129104,"Celular Samsung Galaxy S25 FE 5G Azul, 256GB, 8GB RAM e Câmera Tripla de 50MP + 12MP + 8MP","Celular Samsung Galaxy S25 FE 5G Azul, 256GB, 8GB RAM e Câmera Tripla de 50MP + 12MP + 8MP",121758,SAMSUNG,7892509145039,5699.0,5699.0,0.0,https://schema.org/OutOfStock,1,https://fastshopbr.vtexassets.com/arquivos/ids/5488779/0_06713350-d6bf-4ca0-b91d-ecdcd0a05f49.jpeg.jpg?v=639231809683870000,celular-samsung-galaxy-s25-fe-5g-azul--256gb--8gb-ram-e-camera-tripla-de-50mp---12mp---8mp-sgsms7312azl_prd-129104,Bivolt,
galaxy s25,129103,129103,"Celular Samsung Galaxy S25 FE 5G Azul Marinho, 128GB, 8GB RAM e Câmera Tripla de 50MP + 12MP + 8MP","Celular Samsung Galaxy S25 FE 5G Azul Marinho, 128GB, 8GB RAM e Câmera Tripla de 50MP + 12MP + 8MP",121757,SAMSUNG,7892509145084,4299.0,4299.0,0.0,https://schema.org/OutOfStock,1,https://fastshopbr.vtexassets.com/arquivos/ids/5488770/0_d8411c42-dec1-4d64-92f5-733ab0ab767e.jpeg.jpg?v=639231809379970000,celular-samsung-galaxy-s25-fe-5g-azul-marinho--128gb--8gb-ram-e-camera-tripla-de-50mp---12mp---8mp-sgsms7311azm_prd-129103,Bivolt,
galaxy s25,129105,129105,"Celular Samsung Galaxy S25 FE 5G Azul Marinho, 256GB, 8GB RAM e Câmera Tripla de 50MP + 12MP + 8MP","Celular Samsung Galaxy S25 FE 5G Azul Marinho, 256GB, 8GB RAM e Câmera Tripla de 50MP + 12MP + 8MP",121759,SAMSUNG,7892509145022,5699.0,5699.0,0.0,https://schema.org/OutOfStock,1,https://fastshopbr.vtexassets.com/arquivos/ids/5469521/0_29d925f8-1acd-453c-b7fe-d94c1a407bc2.jpeg.jpg?v=639228207740930000,celular-samsung-galaxy-s25-fe-5g-azul-marinho--256gb--8gb-ram-e-camera-tripla-de-50mp---12mp---8mp-sgsms7312azm_prd-129105,Bivolt,
galaxy s25,129101,129101,"Celular Samsung Galaxy S25 FE 5G JetBlack, 256GB, 8GB RAM e Câmera Tripla de 50MP + 12MP + 8MP","Celular Samsung Galaxy S25 FE 5G JetBlack, 256GB, 8GB RAM e Câmera Tripla de 50MP + 12MP + 8MP",121756,SAMSUNG,7892509145053,5699.0,5699.0,0.0,https://schema.org/OutOfStock,1,https://fastshopbr.vtexassets.com/arquivos/ids/5488787/0_4403f61a-dc6e-40b7-bca0-1b1500cc14c9.jpeg.jpg?v=639231809967570000,celular-samsung-galaxy-s25-fe-5g-jetblack--256gb--8gb-ram-e-camera-tripla-de-50mp---12mp---8mp-sgsms7312pto_prd-129101,Bivolt,
galaxy s24,15394,15394,Película Protetora Anti-Reflexo para Galaxy S24 - Samsung - EFUS921CT,Película Protetora Anti-Reflexo para Galaxy S24 - Samsung - EFUS921CT,14840,SAMSUNG,8806095452630,8.46,9.0,0.0,https://schema.org/OutOfStock,1,https://fastshopbr.vtexassets.com/arquivos/ids/5102618/0_b6ed0d1f-338e-4022-b7db-5edd7ff0564c.jpeg.jpg?v=639179163403200000,pelicula-protetora-anti-reflexo-para-galaxy-s24---samsung---efus921ct-sgefus921ct_prd-15394,NA,
galaxy s24,15354,15354,Capa Protetora para Galaxy S24 Robusta Violeta Escura - Samsung - GPFPS921S,Capa Protetora para Galaxy S24 Robusta Violeta Escura - Samsung - GPFPS921S,14808,SAMSUNG,8809894143778,29.0,39.0,0.0,https://schema.org/OutOfStock,1,https://fastshopbr.vtexassets.com/arquivos/ids/5102224/0_0_675b43c4447c42f8bd0a022f.jpg?v=639179151279230000,capa-protetora-para-galaxy-s24-robusta-violeta-escura---samsung---gpfps921s-sggpfps921vlt_prd-15354,NA,
galaxy s24,15135,15135,Capa Protetora para Galaxy S24 Ultra em Clear Transparente - Samsung - GPFPS928S,Capa Protetora para Galaxy S24 Ultra em Clear Transparente - Samsung - GPFPS928S,14303,SAMSUNG,8809894143662,23.0,45.2,0.0,https://schema.org/OutOfStock,1,https://fastshopbr.vtexassets.com/arquivos/ids/5102221/0_0_675b43c5447c42f8bd0a0232.jpg?v=639179151118270000,capa-protetora-para-galaxy-s24-ultra-em-clear-transparente---samsung---gpfps928s-sggpfps928s_prd-15135,NA,
galaxy a57,183218,183218,"Smartphone Samsung Galaxy A57 5G Tela 6.7"" 128GB Câmera 50MP Azul Escuro","Smartphone Samsung Galaxy A57 5G Tela 6.7"" 128GB Câmera 50MP Azul Escuro",173064,SAMSUNG,7892509149402,2582.29,3115.44,2582.29,https://schema.org/InStock,cnl223,https://fastshopbr.vtexassets.com/arquivos/ids/4990593/17806518286297.jpg?v=639162743286970000,smartphone-samsung-galaxy-a57-5g-tela-6-7--128gb-camera-50mp-azul-escuro-173064-183218,,
galaxy a57,182736,182736,"Smartphone Samsung Galaxy A57 5G Tela 6.7"" 128GB Câmera 50MP Azul Escuro","Smartphone Samsung Galaxy A57 5G Tela 6.7"" 128GB Câmera 50MP Azul Escuro",172580,SAMSUNG,7892509149402,2582.29,2859.97,2582.29,https://schema.org/InStock,cnl222,https://fastshopbr.vtexassets.com/arquivos/ids/4987362/17805657580085.jpg?v=639162654164300000,smartphone-samsung-galaxy-a57-5g-tela-6-7--128gb-camera-50mp-azul-escuro-172580-182736,,
galaxy a37,171556,171556,"Smartphone Samsung Galaxy A37 5G Tela 6.7"" 128GB Câmera 50MP Verde","Smartphone Samsung Galaxy A37 5G Tela 6.7"" 128GB Câmera 50MP Verde",161410,SAMSUNG,7892509149990,2427.31,2610.01,2427.31,https://schema.org/InStock,cnl223,https://fastshopbr.vtexassets.com/arquivos/ids/4685005/17773861562119.jpg?v=639129952180630000,smartphone-samsung-galaxy-a37-5g-tela-6-7--128gb-camera-50mp-verde-161410-171556,Bivolt,
galaxy a37,171551,171551,"Smartphone Samsung Galaxy A37 5G Tela 6.7"" 128GB Câmera 50MP Preto","Smartphone Samsung Galaxy A37 5G Tela 6.7"" 128GB Câmera 50MP Preto",161405,SAMSUNG,7892509149983,2427.29,2609.99,2427.29,https://schema.org/InStock,cnl223,https://fastshopbr.vtexassets.com/arquivos/ids/4684999/17773862705877.jpg?v=639129952179700000,smartphone-samsung-galaxy-a37-5g-tela-6-7--128gb-camera-50mp-preto-161405-171551,Bivolt,
galaxy a37,171585,171585,"Smartphone Samsung Galaxy A37 5G Tela 6.7"" 256GB Câmera 50MP Verde","Smartphone Samsung Galaxy A37 5G Tela 6.7"" 256GB Câmera 50MP Verde",161439,SAMSUNG,7892509149433,2685.63,2952.42,2685.63,https://schema.org/InStock,cnl222,https://fastshopbr.vtexassets.com/arquivos/ids/4685233/17773861631111.jpg?v=639129953193470000,smartphone-samsung-galaxy-a37-5g-tela-6-7--256gb-camera-50mp-verde-161439-171585,Bivolt,
galaxy a37,171562,171562,"Smartphone Samsung Galaxy A37 5G Tela 6.7"" 256GB Câmera 50MP Verde","Smartphone Samsung Galaxy A37 5G Tela 6.7"" 256GB Câmera 50MP Verde",161416,SAMSUNG,7892509149433,2685.63,2887.77,2685.63,https://schema.org/InStock,cnl223,https://fastshopbr.vtexassets.com/arquivos/ids/4685000/17773862433624.jpg?v=639129952179700000,smartphone-samsung-galaxy-a37-5g-tela-6-7--256gb-camera-50mp-verde-161416-171562,Bivolt,
galaxy a37,171593,171593,"Smartphone Samsung Galaxy A37 5G Tela 6.7"" 256GB Câmera 50MP Branco","Smartphone Samsung Galaxy A37 5G Tela 6.7"" 256GB Câmera 50MP Branco",161447,SAMSUNG,7892509149440,2685.64,2887.79,2685.64,https://schema.org/InStock,cnl222,https://fastshopbr.vtexassets.com/arquivos/ids/4685312/17768486900617.jpg?v=639129953200370000,smartphone-samsung-galaxy-a37-5g-tela-6-7--256gb-camera-50mp-branco-161447-171593,Bivolt,
galaxy a37,171581,171581,"Smartphone Samsung Galaxy A37 5G Tela 6.7"" 128GB Câmera 50MP Verde","Smartphone Samsung Galaxy A37 5G Tela 6.7"" 128GB Câmera 50MP Verde",161435,SAMSUNG,7892509149990,2427.31,2610.01,2427.31,https://schema.org/InStock,cnl222,https://fastshopbr.vtexassets.com/arquivos/ids/4685243/17773862671424.jpg?v=639129953194400000,smartphone-samsung-galaxy-a37-5g-tela-6-7--128gb-camera-50mp-verde-161435-171581,Bivolt,
galaxy a37,171574,171574,"Smartphone Samsung Galaxy A37 5G Tela 6.7"" 128GB Câmera 50MP Preto","Smartphone Samsung Galaxy A37 5G Tela 6.7"" 128GB Câmera 50MP Preto",161428,SAMSUNG,7892509149983,2427.29,2609.99,2427.29,https://schema.org/InStock,cnl222,https://fastshopbr.vtexassets.com/arquivos/ids/4685213/17773862987038.jpg?v=639129953191270000,smartphone-samsung-galaxy-a37-5g-tela-6-7--128gb-camera-50mp-preto-161428-171574,Bivolt,
galaxy a37,171560,171560,"Smartphone Samsung Galaxy A37 5G Tela 6.7"" 128GB Câmera 50MP Lavanda","Smartphone Samsung Galaxy A37 5G Tela 6.7"" 128GB Câmera 50MP Lavanda",161414,SAMSUNG,7892509149976,2610.01,2610.01,2610.01,https://schema.org/InStock,cnl223,https://fastshopbr.vtexassets.com/arquivos/ids/4685060/17769800922168.jpg?v=639129952184070000,smartphone-samsung-galaxy-a37-5g-tela-6-7--128gb-camera-50mp-lavanda-161414-171560,Bivolt,
galaxy a37,171592,171592,"Smartphone Samsung Galaxy A37 5G Tela 6.7"" 128GB Câmera 50MP Lavanda","Smartphone Samsung Galaxy A37 5G Tela 6.7"" 128GB Câmera 50MP Lavanda",161446,SAMSUNG,7892509149976,2610.01,2610.01,2610.01,https://schema.org/InStock,cnl222,https://fastshopbr.vtexassets.com/arquivos/ids/4685389/17768487666318.jpg?v=639129953206970000,smartphone-samsung-galaxy-a37-5g-tela-6-7--128gb-camera-50mp-lavanda-161446-171592,Bivolt,
