termo_busca,id,nome,modelo,fabricante,categoria,vendedor,seller_id,preco_original,preco_venda,desconto,quantidade,avaliacao,qtd_avaliacoes,disponivel,marketplace,oferta,frete_gratis,imagem,thumbnail,produto_url
galaxy s26,1029920,"Celular Samsung Galaxy S26 Ultra De 512gb 12gb Ram De 6.9"" 200+50+10+50mp 12mp - Preto",celular-samsung-galaxy-s26-ultra-sm-s948b-nfc-dual-sim-de-512gb-12gb-ram-de-6-9-200-50-10-50mp-12mp-preto,Samsung,Celular & Smartphone/Smartphones/Samsung Galaxy/Galaxy S,NOVA ERA COMERCIO DE CELULARES LTDA,16116,8887.78,7999.0,10,27,0.0,0,True,True,True,False,https://images.kabum.com.br/produtos/fotos/sync_mirakl/1029920/Celular-Samsung-Galaxy-S26-Ultra-De-512gb-12gb-Ram-De-6-9-200-50-10-50mp-12mp-Preto_1784235516.webp,https://images.kabum.com.br/produtos/fotos/sync_mirakl/1029920/medium/Celular-Samsung-Galaxy-S26-Ultra-De-512gb-12gb-Ram-De-6-9-200-50-10-50mp-12mp-Preto_1784235516.webp,https://www.kabum.com.br/produto/1029920
galaxy s26,1007575,"Smartphone Samsung Galaxy S26, 256GB, 12GB RAM, Octa Core, Câmera Tripla de 50MP, Tela de 6.3"", Violeta - SM-S942BZVSZTO",smartphone-samsung-galaxy-s26-256gb-12gb-ram-octa-core-camera-tripla-de-50mp-tela-de-6-3-violeta-sm-s942bzvszto,Samsung,Celular & Smartphone/Smartphones,Magalu,1000,5332.22,4799.0,10,0,0.0,0,True,True,False,False,https://images.kabum.com.br/produtos/fotos/magalu/1007575/Samsung-Galaxy-S26-Violeta-5G-256GB-Galaxy-AI-6-3-12GB-RAM-C-m-Tripla-50-12-10MP-Bateria-4300mAh-Dual-Chip_1779803617.jpg,https://images.kabum.com.br/produtos/fotos/magalu/1007575/medium/Samsung-Galaxy-S26-Violeta-5G-256GB-Galaxy-AI-6-3-12GB-RAM-C-m-Tripla-50-12-10MP-Bateria-4300mAh-Dual-Chip_1779803617.jpg,https://www.kabum.com.br/produto/1007575
galaxy s26,1007561,"Smartphone Samsung Galaxy S26, 256GB, 12GB RAM, 5G, Inteligência Artificial, Câmera Tripla de 50MP, Tela de 6.3"", Branco - SM-S942BZWSZTO",smartphone-samsung-galaxy-s26-256gb-12gb-ram-5g-inteligencia-artificial-camera-tripla-de-50mp-tela-de-6-3-branco-sm-s942bzwszto,Samsung,Celular & Smartphone/Smartphones,Magalu,1000,5332.22,4799.0,10,0,0.0,0,True,True,False,False,https://images.kabum.com.br/produtos/fotos/1007561/samsung-galaxy-s26-256gb_1779803088_original.jpg,https://images.kabum.com.br/produtos/fotos/1007561/samsung-galaxy-s26-256gb_1779803088_m.jpg,https://www.kabum.com.br/produto/1007561
galaxy s26,1007578,"Smartphone Samsung Galaxy S26, 256GB, 12GB RAM, Octa Core, Câmera Tripla de 50MP, Tela de 6.3"", Azul - SM-S942BLBSZTO",smartphone-samsung-galaxy-s26-256gb-12gb-ram-octa-core-camera-tripla-de-50mp-tela-de-6-3-azul-sm-s942blbszto,Samsung,Celular & Smartphone/Smartphones,Magalu,1000,5332.22,4799.0,10,0,0.0,0,True,True,False,False,https://images.kabum.com.br/produtos/fotos/magalu/1007578/Samsung-Galaxy-S26-Azul-5G-256GB-Galaxy-AI-6-3-12GB-RAM-C-m-Tripla-50-12-10MP-Bateria-4300mAh-Dual-Chip_1776108207.jpg,https://images.kabum.com.br/produtos/fotos/magalu/1007578/medium/Samsung-Galaxy-S26-Azul-5G-256GB-Galaxy-AI-6-3-12GB-RAM-C-m-Tripla-50-12-10MP-Bateria-4300mAh-Dual-Chip_1776108207.jpg,https://www.kabum.com.br/produto/1007578
galaxy s26,1048105,"Celular Samsung Galaxy S26 Ultra De 256gb 12gb Ram De 6.9"" 200+50+10+50mp 12mp - Preto",celular-samsung-galaxy-s26-ultra-de-256gb-12gb-ram-de-6-9-200-50-10-50mp-12mp-preto,Samsung,Celular & Smartphone/Smartphones/Samsung Galaxy/Galaxy S,NOVA ERA COMERCIO DE CELULARES LTDA,16116,7998.89,7199.0,10,34,0.0,0,True,True,True,False,https://images.kabum.com.br/produtos/fotos/sync_mirakl/1048105/Celular-Samsung-Galaxy-S26-Ultra-De-256gb-12gb-Ram-De-6-9-200-50-10-50mp-12mp-Preto_1784235515.webp,https://images.kabum.com.br/produtos/fotos/sync_mirakl/1048105/medium/Celular-Samsung-Galaxy-S26-Ultra-De-256gb-12gb-Ram-De-6-9-200-50-10-50mp-12mp-Preto_1784235515.webp,https://www.kabum.com.br/produto/1048105
galaxy s26,1007564,"Samsung Galaxy S26 Ultra 5G 512GB Galaxy AI Violeta 6,9"" 12GB RAM Câm. Quádrupla 200+50+10+50MP Bateria 5000mAh Dual Chip",samsung-galaxy-s26-ultra-5g-512gb-galaxy-ai-violeta-6-9-12gb-ram-cam-quadrupla-200-50-10-50mp-bateria-5000mah-dual-chip,Samsung,Celular & Smartphone/Smartphones/Samsung Galaxy/Galaxy S,Magalu,1000,13099.0,11789.1,10,0,0.0,0,True,True,False,False,https://images.kabum.com.br/produtos/fotos/magalu/1007564/Samsung-Galaxy-S26-Ultra-5G-512GB-Galaxy-AI-Violeta-6-9-12GB-RAM-C-m-Qu-drupla-200-50-10-50MP-Bateria-5000mAh-Dual-Chip_1783102321.jpg,https://images.kabum.com.br/produtos/fotos/magalu/1007564/medium/Samsung-Galaxy-S26-Ultra-5G-512GB-Galaxy-AI-Violeta-6-9-12GB-RAM-C-m-Qu-drupla-200-50-10-50MP-Bateria-5000mAh-Dual-Chip_1783102321.jpg,https://www.kabum.com.br/produto/1007564
galaxy s26,1007577,"Samsung Galaxy S26 Ultra 5G, 512GB, Galaxy AI, 6.9"", 12GB RAM, Câm. Quádrupla 200+50+10+50MP, Bateria 5000mAh, Dual Chip, Branco",samsung-galaxy-s26-ultra-5g-512gb-galaxy-ai-6-9-12gb-ram-cam-quadrupla-200-50-10-50mp-bateria-5000mah-dual-chip-branco,Samsung,Celular & Smartphone/Smartphones/Samsung Galaxy/Galaxy S,Magalu,1000,13099.0,11789.1,10,0,0.0,0,True,True,False,False,https://images.kabum.com.br/produtos/fotos/magalu/1007577/Samsung-Galaxy-S26-Ultra-5G-512GB-Galaxy-AI-Branco-6-9-12GB-RAM-C-m-Qu-drupla-200-50-10-50MP-Bateria-5000mAh-Dual-Chip_1783102275.jpg,https://images.kabum.com.br/produtos/fotos/magalu/1007577/medium/Samsung-Galaxy-S26-Ultra-5G-512GB-Galaxy-AI-Branco-6-9-12GB-RAM-C-m-Qu-drupla-200-50-10-50MP-Bateria-5000mAh-Dual-Chip_1783102275.jpg,https://www.kabum.com.br/produto/1007577
galaxy s26,1007574,"Samsung Galaxy S26+ 5G, 512GB, Galaxy AI, 6.7"", 12GB RAM, Câm. Tripla 50+12+10MP, Bateria 4900mAh, Dual Chip, Preto",samsung-galaxy-s26-5g-512gb-galaxy-ai-6-7-12gb-ram-cam-tripla-50-12-10mp-bateria-4900mah-dual-chip-preto,Samsung,Celular & Smartphone/Smartphones,Magalu,1000,10799.0,9719.1,10,0,0.0,0,True,True,False,False,https://images.kabum.com.br/produtos/fotos/1007574/samsung-galaxy-s26-512g_1772154517_original.jpg,https://images.kabum.com.br/produtos/fotos/1007574/samsung-galaxy-s26-512g_1772154517_m.jpg,https://www.kabum.com.br/produto/1007574
galaxy s26,1007565,"Samsung Galaxy S26+ 5G, 512GB, 12GB RAM, Galaxy AI, 6,7"", Câm. Tripla 50+12+10MP, Bateria 4900mAh, Dual Chip, Violeta",samsung-galaxy-s26-5g-512gb-12gb-ram-galaxy-ai-6-7-cam-tripla-50-12-10mp-bateria-4900mah-dual-chip-violeta,Samsung,Celular & Smartphone/Smartphones/Samsung Galaxy/Galaxy S,Magalu,1000,10799.0,9719.1,10,0,0.0,0,True,True,False,False,https://images.kabum.com.br/produtos/fotos/magalu/1007565/Samsung-Galaxy-S26-Violeta-5G-512GB-Galaxy-AI-6-7-12GB-RAM-C-m-Tripla-50-12-10MP-Bateria-4900mAh-Dual-Chip_1783102725.jpg,https://images.kabum.com.br/produtos/fotos/magalu/1007565/medium/Samsung-Galaxy-S26-Violeta-5G-512GB-Galaxy-AI-6-7-12GB-RAM-C-m-Tripla-50-12-10MP-Bateria-4900mAh-Dual-Chip_1783102725.jpg,https://www.kabum.com.br/produto/1007565
galaxy s26,1007560,"Smartphone Samsung Galaxy S26 Ultra, 256GB, 12GB RAM, Snapdragon 8 Elite, Câmera Quádrupla 200MP, Tela de 6.9"", Azul",smartphone-samsung-galaxy-s26-ultra-256gb-12gb-ram-snapdragon-8-elite-camera-quadrupla-200mp-tela-de-6-9-azul,Samsung,Celular & Smartphone/Acessórios para Smartphones/Carregadores,Magalu,1000,11499.0,10349.1,10,0,0.0,0,True,True,False,False,https://images.kabum.com.br/produtos/fotos/1007560/samsung-galaxy-s26-ultra_1780942513_original.jpg,https://images.kabum.com.br/produtos/fotos/1007560/samsung-galaxy-s26-ultra_1780942513_m.jpg,https://www.kabum.com.br/produto/1007560
galaxy s26,1007566,"Samsung Galaxy S26+ 5G 512GB, 12GB RAM,  Galaxy AI, 6,7"", Câm. Tripla 50+12+10MP, Bateria, 4900mAh, Dual Chip, Branco",samsung-galaxy-s26-5g-512gb-12gb-ram-galaxy-ai-6-7-cam-tripla-50-12-10mp-bateria-4900mah-dual-chip-branco,Samsung,Celular & Smartphone/Smartphones/Samsung Galaxy/Galaxy S,Magalu,1000,10799.0,9719.1,10,0,0.0,0,True,True,False,False,https://images.kabum.com.br/produtos/fotos/magalu/1007566/Samsung-Galaxy-S26-Branco-5G-512GB-Galaxy-AI-6-7-12GB-RAM-C-m-Tripla-50-12-10MP-Bateria-4900mAh-Dual-Chip_1783102378.jpg,https://images.kabum.com.br/produtos/fotos/magalu/1007566/medium/Samsung-Galaxy-S26-Branco-5G-512GB-Galaxy-AI-6-7-12GB-RAM-C-m-Tripla-50-12-10MP-Bateria-4900mAh-Dual-Chip_1783102378.jpg,https://www.kabum.com.br/produto/1007566
galaxy s26,1007569,"Samsung Galaxy S26 Ultra 5G, 512GB, Galaxy AI, 6,9"", 12GB RAM, Câm. Quádrupla 200+50+10+50MP, Bateria 5000mAh, Dual Chip, Azul",samsung-galaxy-s26-ultra-5g-512gb-galaxy-ai-6-9-12gb-ram-cam-quadrupla-200-50-10-50mp-bateria-5000mah-dual-chip-azul,Samsung,Celular & Smartphone/Smartphones/Samsung Galaxy/Galaxy S,MagaLu,1000,13099.0,11789.1,10,0,0.0,0,True,True,False,False,https://images.kabum.com.br/produtos/fotos/magalu/1007569/Samsung-Galaxy-S26-Ultra-5G-512GB-Galaxy-AI-Azul-6-9-12GB-RAM-C-m-Qu-drupla-200-50-10-50MP-Bateria-5000mAh-Dual-Chip_1783102213.jpg,https://images.kabum.com.br/produtos/fotos/magalu/1007569/medium/Samsung-Galaxy-S26-Ultra-5G-512GB-Galaxy-AI-Azul-6-9-12GB-RAM-C-m-Qu-drupla-200-50-10-50MP-Bateria-5000mAh-Dual-Chip_1783102213.jpg,https://www.kabum.com.br/produto/1007569
galaxy s26,1007568,SAMSUNG GALAXY S26 ULTRA,samsung-galaxy-s26-ultra,Samsung,Celular & Smartphone/Smartphones/Samsung Galaxy/Galaxy S,Magalu,1000,11499.0,10349.1,10,0,0.0,0,True,True,False,False,https://images.kabum.com.br/produtos/fotos/magalu/1007568/Samsung-Galaxy-S26-Ultra-5G-256GB-Galaxy-AI-Preto-6-9-12GB-RAM-C-m-Qu-drupla-200-50-10-50MP-Bateria-5000mAh-Dual-Chip_1783102080.jpg,https://images.kabum.com.br/produtos/fotos/magalu/1007568/medium/Samsung-Galaxy-S26-Ultra-5G-256GB-Galaxy-AI-Preto-6-9-12GB-RAM-C-m-Qu-drupla-200-50-10-50MP-Bateria-5000mAh-Dual-Chip_1783102080.jpg,https://www.kabum.com.br/produto/1007568
galaxy s26,1007583,SAMSUNG GALAXY S26 ULTRA,samsung-galaxy-s26-ultra,Samsung,Celular & Smartphone/Smartphones/Samsung Galaxy/Galaxy S,Magalu,1000,15499.0,13949.1,10,0,0.0,0,True,True,False,False,https://images.kabum.com.br/produtos/fotos/magalu/1007583/Samsung-Galaxy-S26-Ultra-5G-1TB-Galaxy-AI-Azul-6-9-12GB-RAM-C-m-Qu-drupla-200-50-10-50MP-Bateria-5000mAh-Dual-Chip_1780941952.jpg,https://images.kabum.com.br/produtos/fotos/magalu/1007583/medium/Samsung-Galaxy-S26-Ultra-5G-1TB-Galaxy-AI-Azul-6-9-12GB-RAM-C-m-Qu-drupla-200-50-10-50MP-Bateria-5000mAh-Dual-Chip_1780941952.jpg,https://www.kabum.com.br/produto/1007583
galaxy s26,1007571,SAMSUNG GALAXY S26+ 256G,samsung-galaxy-s26-256g,Samsung,Celular & Smartphone/Smartphones,Magalu,1000,9199.0,8279.1,10,0,0.0,0,True,True,False,False,https://images.kabum.com.br/produtos/fotos/1007571/samsung-galaxy-s26-256g_1787337230_original.jpg,https://images.kabum.com.br/produtos/fotos/1007571/samsung-galaxy-s26-256g_1787337230_m.jpg,https://www.kabum.com.br/produto/1007571
galaxy s26,1007584,"Smartphone Samsung Galaxy S26+, 512GB, 12GB RAM, Octa Core, Câmera Tripla de 50MP, Tela de 6.7"", Azul - SM-S947BLBSZTO",smartphone-samsung-galaxy-s26-512gb-12gb-ram-octa-core-camera-tripla-de-50mp-tela-de-6-7-azul-sm-s947blbszto,Samsung,Celular & Smartphone/Smartphones,Magalu,1000,10799.0,9719.1,10,0,0.0,0,True,True,False,False,https://images.kabum.com.br/produtos/fotos/1007584/samsung-galaxy-s26-512g_1779814961_original.jpg,https://images.kabum.com.br/produtos/fotos/1007584/samsung-galaxy-s26-512g_1779814961_m.jpg,https://www.kabum.com.br/produto/1007584
galaxy s26,1007567,SAMSUNG GALAXY S26 ULTRA,samsung-galaxy-s26-ultra,Samsung,Celular & Smartphone/Smartphones/Samsung Galaxy/Galaxy S,Magalu,1000,11499.0,10349.1,10,0,0.0,0,True,True,False,False,https://images.kabum.com.br/produtos/fotos/magalu/1007567/Samsung-Galaxy-S26-Ultra-5G-256GB-Galaxy-AI-Violeta-6-9-12GB-RAM-C-m-Qu-drupla-200-50-10-50MP-Bateria-5000mAh-Dual-Chip_1783102137.jpg,https://images.kabum.com.br/produtos/fotos/magalu/1007567/medium/Samsung-Galaxy-S26-Ultra-5G-256GB-Galaxy-AI-Violeta-6-9-12GB-RAM-C-m-Qu-drupla-200-50-10-50MP-Bateria-5000mAh-Dual-Chip_1783102137.jpg,https://www.kabum.com.br/produto/1007567
galaxy s26,1011900,Capa Protetora Robusta Magnética Samsung Galaxy S26+ Preto,capa-protetora-robusta-magnetica-samsung-galaxy-s26-preto,Samsung,Celular & Smartphone/Acessórios para Smartphones/Capas e Películas/Capas para Celular,MASTERCELL,3519,219.0,219.0,0,0,0.0,0,True,True,False,False,https://images.kabum.com.br/produtos/fotos/sync_mirakl/1011900/Capa-Protetora-Robusta-Magn-tica-Samsung-Galaxy-S26-Preto_1790072025.jpg,https://images.kabum.com.br/produtos/fotos/sync_mirakl/1011900/medium/Capa-Protetora-Robusta-Magn-tica-Samsung-Galaxy-S26-Preto_1790072025.jpg,https://www.kabum.com.br/produto/1011900
galaxy s26,1007572,SAMSUNG GALAXY S26 ULTRA,samsung-galaxy-s26-ultra,Samsung,Celular & Smartphone/Smartphones/Samsung Galaxy/Galaxy S,Magalu,1000,11499.0,10349.1,10,0,0.0,0,True,True,False,False,https://images.kabum.com.br/produtos/fotos/magalu/1007572/Samsung-Galaxy-S26-Ultra-5G-256GB-Galaxy-AI-Branco-6-9-12GB-RAM-C-m-Qu-drupla-200-50-10-50MP-Bateria-5000mAh-Dual-Chip_1783101995.jpg,https://images.kabum.com.br/produtos/fotos/magalu/1007572/medium/Samsung-Galaxy-S26-Ultra-5G-256GB-Galaxy-AI-Branco-6-9-12GB-RAM-C-m-Qu-drupla-200-50-10-50MP-Bateria-5000mAh-Dual-Chip_1783101995.jpg,https://www.kabum.com.br/produto/1007572
galaxy s26,1011906,Capa Protetora Slim Magnética Samsung Galaxy S26+ Cinza,capa-protetora-slim-magnetica-samsung-galaxy-s26-cinza,Samsung,Celular & Smartphone/Acessórios para Smartphones/Capas e Películas/Capas para Celular,MASTERCELL,3519,189.0,189.0,0,0,0.0,0,True,True,False,False,https://images.kabum.com.br/produtos/fotos/sync_mirakl/1011906/Capa-Protetora-Slim-Magn-tica-Samsung-Galaxy-S26-Cinza_1790072022.jpg,https://images.kabum.com.br/produtos/fotos/sync_mirakl/1011906/medium/Capa-Protetora-Slim-Magn-tica-Samsung-Galaxy-S26-Cinza_1790072022.jpg,https://www.kabum.com.br/produto/1011906
galaxy s26,1011929,Capa Protetora Slim Magnética Samsung Galaxy S26+ Azul Claro,capa-protetora-slim-magnetica-samsung-galaxy-s26-azul-claro,Samsung,Celular & Smartphone/Acessórios para Smartphones/Capas e Películas/Capas para Celular,MASTERCELL,3519,189.0,189.0,0,0,0.0,0,True,True,False,False,https://images.kabum.com.br/produtos/fotos/sync_mirakl/1011929/Capa-Protetora-Slim-Magn-tica-Samsung-Galaxy-S26-Azul-Claro_1790072024.jpg,https://images.kabum.com.br/produtos/fotos/sync_mirakl/1011929/medium/Capa-Protetora-Slim-Magn-tica-Samsung-Galaxy-S26-Azul-Claro_1790072024.jpg,https://www.kabum.com.br/produto/1011929
galaxy s26,1072794,Cabo   Samsung Usb-c S24 Ultra S26 Ultra S25ultra S26,cabo-samsung-usb-c-s24-ultra-s26-ultra-s25ultra-s26,Samsung,Celular & Smartphone/Acessórios para Smartphones/Cabos,TYRU SHOPs,10142,24.99,24.99,0,0,0.0,0,True,True,False,False,https://images.kabum.com.br/produtos/fotos/sync_mirakl/1072794/Cabo-Samsung-Usb-c-S24-Ultra-S26-Ultra-S25ultra-S26_1789061626.png,https://images.kabum.com.br/produtos/fotos/sync_mirakl/1072794/medium/Cabo-Samsung-Usb-c-S24-Ultra-S26-Ultra-S25ultra-S26_1789061626.png,https://www.kabum.com.br/produto/1072794
galaxy s26,1072798,Cabo Samsung Usb-c Pra Usb-c A36 A56 A57 S24fe S25fe S26fe,cabo-samsung-usb-c-pra-usb-c-a36-a56-a57-s24fe-s25fe-s26fe,Samsung,Celular & Smartphone/Acessórios para Smartphones/Cabos,TYRU SHOPs,10142,24.99,24.99,0,0,0.0,0,True,True,False,False,https://images.kabum.com.br/produtos/fotos/sync_mirakl/1072798/Cabo-Samsung-Usb-c-Pra-Usb-c-A36-A56-A57-S24fe-S25fe-S26fe_1789061628.png,https://images.kabum.com.br/produtos/fotos/sync_mirakl/1072798/medium/Cabo-Samsung-Usb-c-Pra-Usb-c-A36-A56-A57-S24fe-S25fe-S26fe_1789061628.png,https://www.kabum.com.br/produto/1072798
galaxy s25,703060,"Samsung Galaxy S25 5G 256GB Galaxy AI Prata 6,2"" 12GB RAM Câm. Tripla 50+12+10MP Bateria 4000mAh Dual Chip",samsung-galaxy-s25-5g-256gb-galaxy-ai-prata-6-2-12gb-ram-cam-tripla-50-12-10mp-bateria-4000mah-dual-chip,Samsung,Celular & Smartphone/Smartphones/Samsung Galaxy/Galaxy S,Magalu,1000,4332.22,3899.0,10,0,5.0,3,True,True,False,False,https://images.kabum.com.br/produtos/fotos/magalu/703060/Samsung-Galaxy-S25-5G-256GB-Galaxy-AI-Prata-6-2-12GB-RAM-C-m-Tripla-50-12-10MP-Bateria-4000mAh-Dual-Chip_1750435492.jpg,https://images.kabum.com.br/produtos/fotos/magalu/703060/medium/Samsung-Galaxy-S25-5G-256GB-Galaxy-AI-Prata-6-2-12GB-RAM-C-m-Tripla-50-12-10MP-Bateria-4000mAh-Dual-Chip_1750435492.jpg,https://www.kabum.com.br/produto/703060
galaxy s25,927090,"Smartphone Samsung Galaxy S25 Fe 5g 256gb Jetblack, Ram 8GB, Câmera 50mp, Selfie De 12mp, Tela 6.7""",smartphone-samsung-galaxy-s25-fe-5g-256gb-jetblack-ram-8gb-camera-50mp-selfie-de-12mp-tela-6-7-,Samsung,Celular & Smartphone/Smartphones/Samsung Galaxy/Galaxy S,Magalu,1000,3999.0,3599.1,10,0,5.0,1,True,True,False,False,https://images.kabum.com.br/produtos/fotos/sync_mirakl/927090/Smartphone-Samsung-Galaxy-S25-Fe-5g-256gb-Jetblack-Ram-8GB-C-mera-50mp-Selfie-De-12mp-Tela-6-7-_1787648932.jpg,https://images.kabum.com.br/produtos/fotos/sync_mirakl/927090/medium/Smartphone-Samsung-Galaxy-S25-Fe-5g-256gb-Jetblack-Ram-8GB-C-mera-50mp-Selfie-De-12mp-Tela-6-7-_1787648932.jpg,https://www.kabum.com.br/produto/927090
galaxy s25,927091,"Smartphone Samsung Galaxy S25 Fe 5g 128GB Jetblack, Ram 8GB, Câmera 50mp, Selfie De 12mp, Tela 6.7""",smartphone-samsung-galaxy-s25-fe-5g-128gb-jetblack-ram-8gb-camera-50mp-selfie-de-12mp-tela-6-7-,Samsung,Celular & Smartphone/Smartphones/Samsung Galaxy/Galaxy S,MagaLu,1000,3332.22,2999.0,10,0,5.0,3,True,True,False,False,https://images.kabum.com.br/produtos/fotos/sync_mirakl/927091/Smartphone-Samsung-Galaxy-S25-Fe-5g-128GB-Jetblack-Ram-8GB-C-mera-50mp-Selfie-De-12mp-Tela-6-7-_1787746126.jpg,https://images.kabum.com.br/produtos/fotos/sync_mirakl/927091/medium/Smartphone-Samsung-Galaxy-S25-Fe-5g-128GB-Jetblack-Ram-8GB-C-mera-50mp-Selfie-De-12mp-Tela-6-7-_1787746126.jpg,https://www.kabum.com.br/produto/927091
galaxy s25,703055,Smartphone Samsung Galaxy S25 256gb 5g 12mp 50mp 6.2” Azul Marinho,smartphone-samsung-galaxy-s25-camera-tripla-256-gb-5g-azul-marinho-s931b,Samsung,Celular & Smartphone/Smartphones/Samsung Galaxy,Magalu,1000,4332.22,3899.0,10,0,5.0,1,True,True,False,False,https://images.kabum.com.br/produtos/fotos/sync_mirakl/703055/Smartphone-Samsung-Galaxy-S25-256gb-5g-12mp-50mp-6-2-Azul-Marinho_1772823821.jpg,https://images.kabum.com.br/produtos/fotos/sync_mirakl/703055/medium/Smartphone-Samsung-Galaxy-S25-256gb-5g-12mp-50mp-6-2-Azul-Marinho_1772823821.jpg,https://www.kabum.com.br/produto/703055
galaxy s25,703054,"Smartphone Samsung Galaxy S25 Ultra 256gb 5g - Titânio Preto, Com Caneta S Pen, Galaxy Ai, Câmera Quadrupla 200mp + Selfie 12mp, Ram 12gb, Tela 6.9”",smartphone-samsung-galaxy-s25-ultra-256gb-5g-titanio-preto-com-caneta-s-pen-galaxy-ai-camera-quadrupla-200mp-selfie-12mp-ram-12gb-tela-6-9-,Samsung,Celular & Smartphone/Smartphones/Samsung Galaxy,Magalu,1000,5998.89,5399.0,10,0,5.0,1,True,True,False,False,https://images.kabum.com.br/produtos/fotos/sync_mirakl/703054/Smartphone-Samsung-Galaxy-S25-Ultra-256gb-5g-Tit-nio-Preto-Com-Caneta-S-Pen-Galaxy-Ai-C-mera-Quadrupla-200mp-Selfie-12mp-Ram-12gb-Tela-6-9-_1771852526.jpg,https://images.kabum.com.br/produtos/fotos/sync_mirakl/703054/medium/Smartphone-Samsung-Galaxy-S25-Ultra-256gb-5g-Tit-nio-Preto-Com-Caneta-S-Pen-Galaxy-Ai-C-mera-Quadrupla-200mp-Selfie-12mp-Ram-12gb-Tela-6-9-_1771852526.jpg,https://www.kabum.com.br/produto/703054
galaxy s25,927093,"Smartphone Samsung Galaxy S25 Fe 5g 128GB Azul Marinho, Ram 8GB, Câmera 50mp, Selfie De 12mp, Tela 6.7""",smartphone-samsung-galaxy-s25-fe-5g-128gb-azul-marinho-ram-8gb-camera-50mp-selfie-de-12mp-tela-6-7-,Samsung,Celular & Smartphone/Smartphones/Samsung Galaxy/Galaxy S,MagaLu,1000,3332.22,2999.0,10,0,5.0,1,True,True,False,False,https://images.kabum.com.br/produtos/fotos/sync_mirakl/927093/Smartphone-Samsung-Galaxy-S25-Fe-5g-128GB-Azul-Marinho-Ram-8GB-C-mera-50mp-Selfie-De-12mp-Tela-6-7-_1787746121.jpg,https://images.kabum.com.br/produtos/fotos/sync_mirakl/927093/medium/Smartphone-Samsung-Galaxy-S25-Fe-5g-128GB-Azul-Marinho-Ram-8GB-C-mera-50mp-Selfie-De-12mp-Tela-6-7-_1787746121.jpg,https://www.kabum.com.br/produto/927093
galaxy s25,927087,"Smartphone Samsung Galaxy S25 Fe 5g 256gb Azul Marinho, Ram 8GB, Câmera 50mp, Selfie De 12mp, Tela 6.7”",smartphone-samsung-galaxy-s25-fe-5g-256gb-azul-marinho-ram-8gb-camera-50mp-selfie-de-12mp-tela-6-7-,Samsung,Celular & Smartphone/Smartphones/Samsung Galaxy/Galaxy S,Magalu,1000,3999.0,3599.1,10,0,0.0,0,True,True,False,False,https://images.kabum.com.br/produtos/fotos/sync_mirakl/927087/Smartphone-Samsung-Galaxy-S25-Fe-5g-256gb-Azul-Marinho-Ram-8GB-C-mera-50mp-Selfie-De-12mp-Tela-6-7-_1771852614.jpg,https://images.kabum.com.br/produtos/fotos/sync_mirakl/927087/medium/Smartphone-Samsung-Galaxy-S25-Fe-5g-256gb-Azul-Marinho-Ram-8GB-C-mera-50mp-Selfie-De-12mp-Tela-6-7-_1771852614.jpg,https://www.kabum.com.br/produto/927087
galaxy s25,876185,"Celular Samsung Galaxy S25 Edge 5g, 512gb, 12gb Ram, Câmera Dupla De Até 200mp, Tela Grande De 6.7” - Titânio Jetblack",celular-samsung-galaxy-s25-edge-5g-512gb-12gb-ram-camera-dupla-de-ate-200mp-tela-grande-de-6-7-titanio-jetblack,Samsung,Celular & Smartphone/Smartphones/Samsung Galaxy/Galaxy S,MASTERCELL,3519,4229.0,4017.55,5,0,2.0,1,True,True,False,False,https://images.kabum.com.br/produtos/fotos/magalu/876185/Smartphone-Samsung-Galaxy-S25-Edge-512GB-Tit-nio-Jetblack-5G-12GB-RAM-6-7-C-m-Dupla-Selfie-12MP_1763575721.jpg,https://images.kabum.com.br/produtos/fotos/magalu/876185/medium/Smartphone-Samsung-Galaxy-S25-Edge-512GB-Tit-nio-Jetblack-5G-12GB-RAM-6-7-C-m-Dupla-Selfie-12MP_1763575721.jpg,https://www.kabum.com.br/produto/876185
galaxy s25,947650,Usado - Samsung Galaxy S25 256gb - Azul Marinho - Aceitável,usado-samsung-galaxy-s25-256gb-azul-marinho-aceitavel,Samsung,Celular & Smartphone/Smartphones/Samsung Galaxy/Galaxy S,OUTLET DO CELULAR,12470,3031.29,3031.29,0,0,0.0,0,True,True,False,False,https://images.kabum.com.br/produtos/fotos/sync_mirakl/947650/Usado-Samsung-Galaxy-S25-256gb-Azul-Marinho-Aceit-vel_1786131826.jpg,https://images.kabum.com.br/produtos/fotos/sync_mirakl/947650/medium/Usado-Samsung-Galaxy-S25-256gb-Azul-Marinho-Aceit-vel_1786131826.jpg,https://www.kabum.com.br/produto/947650
galaxy s25,703063,"Samsung Galaxy S25 5G Dual Chip, 256GB, Galaxy AI, 6,2"", 12GB RAM, Câm. Tripla 50+12+10MP, Bateria 4000mAh, Azul",samsung-galaxy-s25-5g-dual-chip-256gb-galaxy-ai-6-2-12gb-ram-cam-tripla-50-12-10mp-bateria-4000mah-azul,Samsung,Celular & Smartphone/Smartphones/Samsung Galaxy/Galaxy S,Magalu,1000,4332.22,3899.0,10,0,5.0,1,True,True,False,False,https://images.kabum.com.br/produtos/fotos/magalu/703063/Samsung-Galaxy-S25-5G-256GB-Galaxy-AI-Azul-6-2-12GB-RAM-C-m-Tripla-50-12-10MP-Bateria-4000mAh-Dual-Chip_1738012154_original.jpg,https://images.kabum.com.br/produtos/fotos/magalu/703063/Samsung-Galaxy-S25-5G-256GB-Galaxy-AI-Azul-6-2-12GB-RAM-C-m-Tripla-50-12-10MP-Bateria-4000mAh-Dual-Chip_1738012158_m.jpg,https://www.kabum.com.br/produto/703063
galaxy s25,703043,"Smartphone Samsung Galaxy S25 Ultra 256gb 5g - Titânio Prata, Com Caneta S Pen, Galaxy Ai, Câmera Quadrupla 200mp + Selfie 12mp, Ram 12gb, Tela 6.9”",smartphone-samsung-galaxy-s25-ultra-256gb-5g-titanio-prata-com-caneta-s-pen-galaxy-ai-camera-quadrupla-200mp-selfie-12mp-ram-12gb-tela-6-9-,Samsung,Celular & Smartphone/Smartphones/Samsung Galaxy/Galaxy S,Magalu,1000,5998.89,5399.0,10,0,5.0,1,True,True,False,False,https://images.kabum.com.br/produtos/fotos/sync_mirakl/703043/Smartphone-Samsung-Galaxy-S25-Ultra-256gb-5g-Tit-nio-Prata-Com-Caneta-S-Pen-Galaxy-Ai-C-mera-Quadrupla-200mp-Selfie-12mp-Ram-12gb-Tela-6-9-_1771852607.jpg,https://images.kabum.com.br/produtos/fotos/sync_mirakl/703043/medium/Smartphone-Samsung-Galaxy-S25-Ultra-256gb-5g-Tit-nio-Prata-Com-Caneta-S-Pen-Galaxy-Ai-C-mera-Quadrupla-200mp-Selfie-12mp-Ram-12gb-Tela-6-9-_1771852607.jpg,https://www.kabum.com.br/produto/703043
galaxy s25,927089,"Smartphone Samsung Galaxy S25 Fe 5g 256gb Azul, Ram 8GB, Câmera 50mp, Selfie De 12mp, Tela 6.7”",smartphone-samsung-galaxy-s25-fe-5g-256gb-azul-ram-8gb-camera-50mp-selfie-de-12mp-tela-6-7-,Samsung,Celular & Smartphone/Smartphones/Samsung Galaxy/Galaxy S,Magalu,1000,3999.0,3599.1,10,0,5.0,1,True,True,False,False,https://images.kabum.com.br/produtos/fotos/sync_mirakl/927089/Smartphone-Samsung-Galaxy-S25-Fe-5g-256gb-Azul-Ram-8GB-C-mera-50mp-Selfie-De-12mp-Tela-6-7-_1771852604.jpg,https://images.kabum.com.br/produtos/fotos/sync_mirakl/927089/medium/Smartphone-Samsung-Galaxy-S25-Fe-5g-256gb-Azul-Ram-8GB-C-mera-50mp-Selfie-De-12mp-Tela-6-7-_1771852604.jpg,https://www.kabum.com.br/produto/927089
galaxy s25,947652,Usado - Samsung Galaxy S25 256gb - Azul Claro - Excelente,usado-samsung-galaxy-s25-256gb-azul-claro-excelente,Samsung,Celular & Smartphone/Smartphones/Samsung Galaxy/Galaxy S,OUTLET DO CELULAR,12470,3509.21,3509.21,0,0,0.0,0,True,True,False,False,https://images.kabum.com.br/produtos/fotos/sync_mirakl/947652/Usado-Samsung-Galaxy-S25-256gb-Azul-Claro-Excelente_1786131825.jpg,https://images.kabum.com.br/produtos/fotos/sync_mirakl/947652/medium/Usado-Samsung-Galaxy-S25-256gb-Azul-Claro-Excelente_1786131825.jpg,https://www.kabum.com.br/produto/947652
galaxy s25,876187,"Celular Samsung Galaxy S25 Edge 5g, 512gb, 12gb Ram, Câmera Dupla De Até 200mp, Tela Grande De 6.7” - Titânio Prata",celular-samsung-galaxy-s25-edge-5g-512gb-12gb-ram-camera-dupla-de-ate-200mp-tela-grande-de-6-7-titanio-prata,Samsung,Celular & Smartphone/Smartphones/Samsung Galaxy,MASTERCELL,3519,4229.0,4017.55,5,0,0.0,0,True,True,False,False,https://images.kabum.com.br/produtos/fotos/sync_mirakl/876187/Celular-Samsung-Galaxy-S25-Edge-5g-512gb-12gb-Ram-C-mera-Dupla-De-At-200mp-Tela-Grande-De-6-7-Tit-nio-Prata_1769105613.jpg,https://images.kabum.com.br/produtos/fotos/sync_mirakl/876187/medium/Celular-Samsung-Galaxy-S25-Edge-5g-512gb-12gb-Ram-C-mera-Dupla-De-At-200mp-Tela-Grande-De-6-7-Tit-nio-Prata_1769105613.jpg,https://www.kabum.com.br/produto/876187
galaxy s25,703062,"Smartphone Samsung Galaxy S25 Ultra 256gb 5g - Titânio Azul, Com Caneta S Pen, Galaxy Ai, Câmera Quadrupla 200mp + Selfie 12mp, Ram 12gb, Tela 6.9”",smartphone-samsung-galaxy-s25-ultra-256gb-5g-titanio-azul-com-caneta-s-pen-galaxy-ai-camera-quadrupla-200mp-selfie-12mp-ram-12gb-tela-6-9-,Samsung,Celular & Smartphone/Smartphones/Samsung Galaxy,Magalu,1000,5998.89,5399.0,10,0,0.0,0,True,True,False,False,https://images.kabum.com.br/produtos/fotos/sync_mirakl/703062/Smartphone-Samsung-Galaxy-S25-Ultra-256gb-5g-Tit-nio-Azul-Com-Caneta-S-Pen-Galaxy-Ai-C-mera-Quadrupla-200mp-Selfie-12mp-Ram-12gb-Tela-6-9-_1771852526.jpg,https://images.kabum.com.br/produtos/fotos/sync_mirakl/703062/medium/Smartphone-Samsung-Galaxy-S25-Ultra-256gb-5g-Tit-nio-Azul-Com-Caneta-S-Pen-Galaxy-Ai-C-mera-Quadrupla-200mp-Selfie-12mp-Ram-12gb-Tela-6-9-_1771852526.jpg,https://www.kabum.com.br/produto/703062
galaxy s25,1063296,Samsung Galaxy S25 Ultra 256gb Titânio Prata;Usado - Com Cuidado - Grade B,samsung-galaxy-s25-ultra-256gb-titanio-prata-usado-com-cuidado-grade-b,Samsung,Celular & Smartphone/Smartphones/Samsung Galaxy/Galaxy S,OUTLET DO CELULAR,12470,4942.97,4942.97,0,0,0.0,0,True,True,False,False,https://images.kabum.com.br/produtos/fotos/sync_mirakl/1063296/Samsung-Galaxy-S25-Ultra-256gb-Tit-nio-Prata-Usado-Com-Cuidado-Grade-B_1786388029.jpg,https://images.kabum.com.br/produtos/fotos/sync_mirakl/1063296/medium/Samsung-Galaxy-S25-Ultra-256gb-Tit-nio-Prata-Usado-Com-Cuidado-Grade-B_1786388029.jpg,https://www.kabum.com.br/produto/1063296
galaxy s25,703059,"Smartphone Samsung Galaxy S25 Ultra 256gb 5g - Titânio Cinza, Com Caneta S Pen, Galaxy Ai, Câmera Quadrupla 200mp + Selfie 12mp, Ram 12gb, Tela 6.9""",smartphone-samsung-galaxy-s25-ultra-256gb-5g-titanio-cinza-com-caneta-s-pen-galaxy-ai-camera-quadrupla-200mp-selfie-12mp-ram-12gb-tela-6-9-,Samsung,Celular & Smartphone/Smartphones/Samsung Galaxy,MagaLu,1000,5998.89,5399.0,10,0,0.0,0,True,True,False,False,https://images.kabum.com.br/produtos/fotos/sync_mirakl/703059/Smartphone-Samsung-Galaxy-S25-Ultra-256gb-5g-Tit-nio-Cinza-Com-Caneta-S-Pen-Galaxy-Ai-C-mera-Quadrupla-200mp-Selfie-12mp-Ram-12gb-Tela-6-9-_1786384723.jpg,https://images.kabum.com.br/produtos/fotos/sync_mirakl/703059/medium/Smartphone-Samsung-Galaxy-S25-Ultra-256gb-5g-Tit-nio-Cinza-Com-Caneta-S-Pen-Galaxy-Ai-C-mera-Quadrupla-200mp-Selfie-12mp-Ram-12gb-Tela-6-9-_1786384723.jpg,https://www.kabum.com.br/produto/703059
galaxy s25,947651,Usado - Samsung Galaxy S25 256gb - Azul Marinho - Bom,usado-samsung-galaxy-s25-256gb-azul-marinho-bom,Samsung,Celular & Smartphone/Smartphones/Samsung Galaxy/Galaxy S,OUTLET DO CELULAR,12470,3294.97,3294.97,0,0,0.0,0,True,True,False,False,https://images.kabum.com.br/produtos/fotos/sync_mirakl/947651/Usado-Samsung-Galaxy-S25-256gb-Azul-Marinho-Bom_1786132136.jpg,https://images.kabum.com.br/produtos/fotos/sync_mirakl/947651/medium/Usado-Samsung-Galaxy-S25-256gb-Azul-Marinho-Bom_1786132136.jpg,https://www.kabum.com.br/produto/947651
galaxy s25,947644,Usado - Samsung Galaxy S25 256gb - Azul Claro - Aceitável,usado-samsung-galaxy-s25-256gb-azul-claro-aceitavel,Samsung,Celular & Smartphone/Smartphones/Samsung Galaxy/Galaxy S,OUTLET DO CELULAR,12470,3031.29,3031.29,0,0,0.0,0,True,True,False,False,https://images.kabum.com.br/produtos/fotos/sync_mirakl/947644/Usado-Samsung-Galaxy-S25-256gb-Azul-Claro-Aceit-vel_1786132136.jpg,https://images.kabum.com.br/produtos/fotos/sync_mirakl/947644/medium/Usado-Samsung-Galaxy-S25-256gb-Azul-Claro-Aceit-vel_1786132136.jpg,https://www.kabum.com.br/produto/947644
galaxy s25,939091,"Celular Samsung Galaxy S25 Fe 5g, 256gb, 8GB Ram, Câmera Tripla De 50+12+8, Tela Grande De 6.7” Azul Marinho - Azul-marinho - 256 Gb",celular-samsung-galaxy-s25-fe-5g-256gb-8gb-ram-camera-tripla-de-50-12-8-tela-grande-de-6-7-azul-marinho-azul-marinho-256-gb-243a64,Samsung,Celular & Smartphone/Smartphones/Samsung Galaxy/Galaxy S,CARREFOUR,3490,4198.8,3778.92,10,0,0.0,0,True,True,False,False,https://images.kabum.com.br/produtos/fotos/sync_mirakl/939091/Celular-Samsung-Galaxy-S25-Fe-5g-256gb-8GB-Ram-C-mera-Tripla-De-50-12-8-Tela-Grande-De-6-7-Azul-Marinho-Azul-marinho-256-Gb_1771852612.jpg,https://images.kabum.com.br/produtos/fotos/sync_mirakl/939091/medium/Celular-Samsung-Galaxy-S25-Fe-5g-256gb-8GB-Ram-C-mera-Tripla-De-50-12-8-Tela-Grande-De-6-7-Azul-Marinho-Azul-marinho-256-Gb_1771852612.jpg,https://www.kabum.com.br/produto/939091
galaxy s25,724809,"Smartphone Samsung Galaxy S25 Ultra, 5G, 512GB, 12GB RAM, Tela 6.9"", Titânio Preto",smartphone-samsung-galaxy-s25-ultra-5g-512gb-12gb-ram-tela-6-9-titanio-preto,Samsung,Celular & Smartphone/Smartphones/Samsung Galaxy,J&J,15584,9499.99,9499.99,0,0,0.0,0,True,True,False,False,https://images.kabum.com.br/produtos/fotos/sync_mirakl/724809/Smartphone-Samsung-Galaxy-S25-Ultra-5G-512GB-12GB-RAM-Tela-6-9-Tit-nio-Preto_1767039520.png,https://images.kabum.com.br/produtos/fotos/sync_mirakl/724809/medium/Smartphone-Samsung-Galaxy-S25-Ultra-5G-512GB-12GB-RAM-Tela-6-9-Tit-nio-Preto_1767039520.png,https://www.kabum.com.br/produto/724809
galaxy s25,1069176,Celular Samsung Galaxy S25 Ultra 512 Gb 12gb Ram Recondicionado Preto,celular-samsung-galaxy-s25-ultra-512-gb-12gb-ram-recondicionado-preto,Samsung,Celular & Smartphone/Smartphones/Samsung Galaxy/Galaxy S,MERCADOONLINESP,3820,6499.0,6369.02,2,0,0.0,0,True,True,False,False,https://images.kabum.com.br/produtos/fotos/sync_mirakl/1069176/Celular-Samsung-Galaxy-S25-Ultra-512-Gb-12gb-Ram-Recondicionado-Preto_1787856823.jpg,https://images.kabum.com.br/produtos/fotos/sync_mirakl/1069176/medium/Celular-Samsung-Galaxy-S25-Ultra-512-Gb-12gb-Ram-Recondicionado-Preto_1787856823.jpg,https://www.kabum.com.br/produto/1069176
galaxy s25,876186,"Celular Samsung Galaxy S25 Edge 5g, 512gb, 12gb Ram, Câmera Dupla De Até 200mp, Tela Grande De 6.7” - Titânio Azul",celular-samsung-galaxy-s25-edge-5g-512gb-12gb-ram-camera-dupla-de-ate-200mp-tela-grande-de-6-7-titanio-azul,Samsung,Celular & Smartphone/Smartphones/Samsung Galaxy,MASTERCELL,3519,4229.0,4017.55,5,0,0.0,0,True,True,False,False,https://images.kabum.com.br/produtos/fotos/sync_mirakl/876186/Celular-Samsung-Galaxy-S25-Edge-5g-512gb-12gb-Ram-C-mera-Dupla-De-At-200mp-Tela-Grande-De-6-7-Tit-nio-Azul_1782742118.jpg,https://images.kabum.com.br/produtos/fotos/sync_mirakl/876186/medium/Celular-Samsung-Galaxy-S25-Edge-5g-512gb-12gb-Ram-C-mera-Dupla-De-At-200mp-Tela-Grande-De-6-7-Tit-nio-Azul_1782742118.jpg,https://www.kabum.com.br/produto/876186
galaxy s25,999171,Usado -  Samsung S25 Edge 512 Gb Preto - Excelente,usado-samsung-s25-edge-512-gb-preto-excelente,Samsung,Celular & Smartphone/Smartphones/Samsung Galaxy/Galaxy S,CELLULAR STORE,12838,3816.13,3434.52,10,0,0.0,0,True,True,False,False,https://images.kabum.com.br/produtos/fotos/sync_mirakl/999171/Usado-Samsung-S25-Edge-512-Gb-Preto-Excelente_1783965242.jpg,https://images.kabum.com.br/produtos/fotos/sync_mirakl/999171/medium/Usado-Samsung-S25-Edge-512-Gb-Preto-Excelente_1783965242.jpg,https://www.kabum.com.br/produto/999171
galaxy s25,1060376,"Celular Samsung Galaxy S25 Fe 5g, 128GB, 8GB Ram, Camera Tripla 50+12+8mp, Tela 6.7 Jetblack",celular-samsung-galaxy-s25-fe-5g-128gb-8gb-ram-camera-tripla-50-12-8mp-tela-6-7-jetblack,Samsung,Celular & Smartphone/Smartphones/Samsung Galaxy/Galaxy S,J&J,15584,4349.99,4262.99,2,0,0.0,0,True,True,False,False,https://images.kabum.com.br/produtos/fotos/sync_mirakl/1060376/Celular-Samsung-Galaxy-S25-Fe-5g-128GB-8GB-Ram-Camera-Tripla-50-12-8mp-Tela-6-7-Jetblack_1785172417.webp,https://images.kabum.com.br/produtos/fotos/sync_mirakl/1060376/medium/Celular-Samsung-Galaxy-S25-Fe-5g-128GB-8GB-Ram-Camera-Tripla-50-12-8mp-Tela-6-7-Jetblack_1785172417.webp,https://www.kabum.com.br/produto/1060376
galaxy s25,1034594,Samsung Galaxy S25 Fe 5g 128GB 8GB Azul,samsung-galaxy-s25-fe-5g-128gb-8gb-azul,Samsung,Celular & Smartphone/Smartphones/Samsung Galaxy/Galaxy S,J&J,15584,3899.99,3899.99,0,0,0.0,0,True,True,False,False,https://images.kabum.com.br/produtos/fotos/sync_mirakl/1034594/Samsung-Galaxy-S25-Fe-5g-128GB-8GB-Azul_1777986824.jpg,https://images.kabum.com.br/produtos/fotos/sync_mirakl/1034594/medium/Samsung-Galaxy-S25-Fe-5g-128GB-8GB-Azul_1777986824.jpg,https://www.kabum.com.br/produto/1034594
galaxy s25,1025113,Usado -  Samsung S25 Fe 256 Gb Preto - Excelente,usado-samsung-s25-fe-256-gb-preto-excelente,Samsung,Celular & Smartphone/Smartphones/Samsung Galaxy/Galaxy S,CELLULAR STORE,12838,3224.73,3224.73,0,0,0.0,0,True,True,False,False,https://images.kabum.com.br/produtos/fotos/sync_mirakl/1025113/Usado-Samsung-S25-Fe-256-Gb-Preto-Excelente_1775067530.jpg,https://images.kabum.com.br/produtos/fotos/sync_mirakl/1025113/medium/Usado-Samsung-S25-Fe-256-Gb-Preto-Excelente_1775067530.jpg,https://www.kabum.com.br/produto/1025113
galaxy s25,989740,Usado -  Samsung S25 256 Gb Azul - Muito Bom,usado-samsung-s25-256-gb-azul-muito-bom,Samsung,Celular & Smartphone/Smartphones/Samsung Galaxy/Galaxy S,KaBuM!,0,3786.17,3786.17,0,0,0.0,0,True,False,False,False,https://images.kabum.com.br/produtos/fotos/sync_mirakl/989740/Usado-Samsung-S25-256-Gb-Azul-Muito-Bom_1783965249.jpg,https://images.kabum.com.br/produtos/fotos/sync_mirakl/989740/medium/Usado-Samsung-S25-256-Gb-Azul-Muito-Bom_1783965249.jpg,https://www.kabum.com.br/produto/989740
galaxy s25,951149,S25+ (512gb) - Prata + Watch7 Bt 40mm - Creme,s25-512gb-prata-watch7-bt-40mm-creme-kit-512-gb,Samsung,Celular & Smartphone/Smartphones/Samsung Galaxy/Galaxy S,KaBuM!,0,11298.0,10620.12,6,0,0.0,0,True,False,False,True,https://images.kabum.com.br/produtos/fotos/sync_mirakl/951149/S25-512gb-Prata-Watch7-Bt-40mm-Creme_1762192416.jpg,https://images.kabum.com.br/produtos/fotos/sync_mirakl/951149/medium/S25-512gb-Prata-Watch7-Bt-40mm-Creme_1762192416.jpg,https://www.kabum.com.br/produto/951149
galaxy s25,951143,S25 Ultra (256gb) - Titânio Azul + Buds3 Fe - Preto,s25-ultra-256gb-titanio-azul-buds3-fe-preto-kit-256-gb,Samsung,Celular & Smartphone/Smartphones/Samsung Galaxy/Galaxy S,KaBuM!,0,12098.0,11372.12,6,0,0.0,0,True,False,False,True,https://images.kabum.com.br/produtos/fotos/sync_mirakl/951143/S25-Ultra-256gb-Tit-nio-Azul-Buds3-Fe-Preto_1762192115.jpg,https://images.kabum.com.br/produtos/fotos/sync_mirakl/951143/medium/S25-Ultra-256gb-Tit-nio-Azul-Buds3-Fe-Preto_1762192115.jpg,https://www.kabum.com.br/produto/951143
galaxy s25,700430,Capa Protetora Silicone Galaxy S25 Preta,capa-protetora-silicone-galaxy-s25-preta,Samsung,Celular & Smartphone/Acessórios para Smartphones/Capas e Películas/Capas para Celular,MASTERCELL,3519,129.0,122.55,5,0,0.0,0,True,True,False,False,https://images.kabum.com.br/produtos/fotos/sync_mirakl/700430/Capa-Protetora-Silicone-Galaxy-S25-Preta_1790077120.jpg,https://images.kabum.com.br/produtos/fotos/sync_mirakl/700430/medium/Capa-Protetora-Silicone-Galaxy-S25-Preta_1790077120.jpg,https://www.kabum.com.br/produto/700430
galaxy s25,700404,Capa Protetora Transparente Galaxy S25 Ultra Transparente,capa-protetora-transparente-galaxy-s25-ultra-transparente,Samsung,Celular & Smartphone/Acessórios para Smartphones/Capas e Películas/Capas para Celular,MASTERCELL,3519,69.0,65.55,5,0,0.0,0,True,True,False,False,https://images.kabum.com.br/produtos/fotos/sync_mirakl/700404/Capa-Protetora-Transparente-Galaxy-S25-Ultra-Transparente_1790077730.jpg,https://images.kabum.com.br/produtos/fotos/sync_mirakl/700404/medium/Capa-Protetora-Transparente-Galaxy-S25-Ultra-Transparente_1790077730.jpg,https://www.kabum.com.br/produto/700404
galaxy s25,875861,Capa Protetora De Silicone Galaxy S25 Edge Cinza,capa-protetora-de-silicone-galaxy-s25-edge-cinza,Samsung,Celular & Smartphone/Acessórios para Smartphones/Capas e Películas/Capas para Celular,MASTERCELL,3519,92.06,87.46,5,0,0.0,0,True,True,False,False,https://images.kabum.com.br/produtos/fotos/sync_mirakl/875861/Capa-Protetora-De-Silicone-Galaxy-S25-Edge-Cinza_1768403614.jpg,https://images.kabum.com.br/produtos/fotos/sync_mirakl/875861/medium/Capa-Protetora-De-Silicone-Galaxy-S25-Edge-Cinza_1768403614.jpg,https://www.kabum.com.br/produto/875861
galaxy s25,875865,Capa Protetora De Silicone Galaxy S25 Edge Azul Claro,capa-protetora-de-silicone-galaxy-s25-edge-azul-claro,Samsung,Celular & Smartphone/Acessórios para Smartphones/Capas e Películas/Capas para Celular,MASTERCELL,3519,92.06,87.46,5,0,0.0,0,True,True,False,False,https://images.kabum.com.br/produtos/fotos/sync_mirakl/875865/Capa-Protetora-De-Silicone-Galaxy-S25-Edge-Azul-Claro_1763412524.jpg,https://images.kabum.com.br/produtos/fotos/sync_mirakl/875865/medium/Capa-Protetora-De-Silicone-Galaxy-S25-Edge-Azul-Claro_1763412524.jpg,https://www.kabum.com.br/produto/875865
galaxy s25,700406,Capa Protetora Transparente Galaxy S25+ Transparente,capa-protetora-transparente-galaxy-s25-transparente,Samsung,Celular & Smartphone/Acessórios para Smartphones/Capas e Películas/Capas para Celular,MASTERCELL,3519,59.0,56.05,5,0,0.0,0,True,True,False,False,https://images.kabum.com.br/produtos/fotos/sync_mirakl/700406/Capa-Protetora-Transparente-Galaxy-S25-Transparente_1790077116.jpg,https://images.kabum.com.br/produtos/fotos/sync_mirakl/700406/medium/Capa-Protetora-Transparente-Galaxy-S25-Transparente_1790077116.jpg,https://www.kabum.com.br/produto/700406
galaxy s25,700435,Capa Protetora Transparente Galaxy S25 Transparente,capa-protetora-transparente-galaxy-s25-transparente,Samsung,Celular & Smartphone/Acessórios para Smartphones/Capas e Películas/Capas para Celular,MASTERCELL,3519,59.0,56.05,5,0,0.0,0,True,True,False,False,https://images.kabum.com.br/produtos/fotos/sync_mirakl/700435/Capa-Protetora-Transparente-Galaxy-S25-Transparente_1790077737.jpg,https://images.kabum.com.br/produtos/fotos/sync_mirakl/700435/medium/Capa-Protetora-Transparente-Galaxy-S25-Transparente_1790077737.jpg,https://www.kabum.com.br/produto/700435
galaxy s25,875862,Capa Protetora Transparente Galaxy S25 Edge Transparente,capa-protetora-transparente-galaxy-s25-edge-transparente,Samsung,Celular & Smartphone/Acessórios para Smartphones/Capas e Películas/Capas para Celular,MASTERCELL,3519,69.0,65.55,5,0,0.0,0,True,True,False,False,https://images.kabum.com.br/produtos/fotos/sync_mirakl/875862/Capa-Protetora-Transparente-Galaxy-S25-Edge-Transparente_1763412523.jpg,https://images.kabum.com.br/produtos/fotos/sync_mirakl/875862/medium/Capa-Protetora-Transparente-Galaxy-S25-Edge-Transparente_1763412523.jpg,https://www.kabum.com.br/produto/875862
galaxy s25,884995,Cabo Para Samsung Usb C Para Usb C Longo 1.80m Para Galaxy A15 A55 A54 A34 A25 S25 Edge S25 Ultra,cabo-para-samsung-usb-c-para-usb-c-longo-1-80m-para-galaxy-a15-a55-a54-a34-a25-s25-edge-s25-ultra,Samsung,"Tablets, iPads e E-readers/Acessórios para Tablets/Conectores",MOREIRA ACESSORIOS,16545,61.9,61.9,0,0,0.0,0,True,True,False,False,https://images.kabum.com.br/produtos/fotos/sync_mirakl/884995/Cabo-Para-Samsung-Usb-C-Para-Usb-C-Longo-1-80m-Para-Galaxy-A15-A55-A54-A34-A25-S25-Edge-S25-Ultra_1772485718.png,https://images.kabum.com.br/produtos/fotos/sync_mirakl/884995/medium/Cabo-Para-Samsung-Usb-C-Para-Usb-C-Longo-1-80m-Para-Galaxy-A15-A55-A54-A34-A25-S25-Edge-S25-Ultra_1772485718.png,https://www.kabum.com.br/produto/884995
galaxy s25,884996,Cabo Para Samsung 1.80m Para Galaxy S25 Edge Galaxy S25 Ultra Galaxy S25plus S25+ S24 S24ultra S24+,cabo-para-samsung-1-80m-para-galaxy-s25-edge-galaxy-s25-ultra-galaxy-s25plus-s25-s24-s24ultra-s24-,Samsung,"Tablets, iPads e E-readers/Acessórios para Tablets/Conectores",TYRU SHOPs,10142,57.99,57.99,0,0,0.0,0,True,True,False,False,https://images.kabum.com.br/produtos/fotos/sync_mirakl/884996/Cabo-Para-Samsung-1-80m-Para-Galaxy-S25-Edge-Galaxy-S25-Ultra-Galaxy-S25plus-S25-S24-S24ultra-S24-_1770926987.png,https://images.kabum.com.br/produtos/fotos/sync_mirakl/884996/medium/Cabo-Para-Samsung-1-80m-Para-Galaxy-S25-Edge-Galaxy-S25-Ultra-Galaxy-S25plus-S25-S24-S24ultra-S24-_1770926987.png,https://www.kabum.com.br/produto/884996
galaxy s25,1066394,Carregador Samsung Galaxy A07 A17 A27 A37 A57 S24fe S25fe,carregador-samsung-galaxy-a07-a17-a27-a37-a57-s24fe-s25fe,Samsung,Celular & Smartphone/Acessórios para Smartphones/Carregadores/Carregador de Parede,TYRU SHOPs,10142,109.0,109.0,0,0,0.0,0,True,True,False,False,https://images.kabum.com.br/produtos/fotos/sync_mirakl/1066394/Carregador-Samsung-Galaxy-A07-A17-A27-A37-A57-S24fe-S25fe_1787170422.png,https://images.kabum.com.br/produtos/fotos/sync_mirakl/1066394/medium/Carregador-Samsung-Galaxy-A07-A17-A27-A37-A57-S24fe-S25fe_1787170422.png,https://www.kabum.com.br/produto/1066394
galaxy s25,640811,Pontas Para Canetas S-pen Samsung S23 Ultra S24 ultra S25Ultra Ponta Fina,pontas-para-canetas-s-pen-samsung-s23-ultra-s24-ultra-s25ultra-ponta-fina,Samsung,"Tablets, iPads e E-readers/Acessórios para Tablets",TYRU SHOPs,10142,30.0,30.0,0,0,0.0,0,True,True,False,False,https://images.kabum.com.br/produtos/fotos/sync_mirakl/640811/Pontas-Para-Canetas-S-pen-Samsung-S23-Ultra-S24-ultra-S25Ultra-Ponta-Fina_1761835114.jpg,https://images.kabum.com.br/produtos/fotos/sync_mirakl/640811/medium/Pontas-Para-Canetas-S-pen-Samsung-S23-Ultra-S24-ultra-S25Ultra-Ponta-Fina_1761835114.jpg,https://www.kabum.com.br/produto/640811
galaxy s24,520344,"Smartphone Samsung Galaxy S24 Ultra, 5G, 256GB, 12GB RAM, Câmera 200MP, Tela 6.8"" 120Hz, S Pen, Preto",smartphone-samsung-galaxy-s24-ultra-5g-256gb-12gb-ram-camera-200mp-tela-6-8-120hz-s-pen-preto,Samsung,Celular & Smartphone/Smartphones/Samsung Galaxy/Galaxy S,Magalu,1000,5998.89,5399.0,10,0,5.0,9,True,True,False,False,https://images.kabum.com.br/produtos/fotos/sync_mirakl/520344/Smartphone-Samsung-Galaxy-S24-Ultra-5G-256GB-12GB-RAM-C-mera-200MP-Tela-6-8-120Hz-S-Pen-Preto_1751571299.png,https://images.kabum.com.br/produtos/fotos/sync_mirakl/520344/medium/Smartphone-Samsung-Galaxy-S24-Ultra-5G-256GB-12GB-RAM-C-mera-200MP-Tela-6-8-120Hz-S-Pen-Preto_1751571299.png,https://www.kabum.com.br/produto/520344
galaxy s24,520331,"Celular Samsung Galaxy S24 Ultra, 512gb, 12gb De Ram, Tela De 6.8”, Galaxy Ai Titânio Preto",celular-samsung-galaxy-s24-ultra-512gb-12gb-de-ram-tela-de-6-8-galaxy-ai-titanio-preto,Samsung,Celular & Smartphone/Smartphones/Samsung Galaxy/Galaxy S,Magalu,1000,7899.0,7109.1,10,0,5.0,1,True,True,False,False,https://images.kabum.com.br/produtos/fotos/520331/celular-samsung-galaxy-s24-ultra-512gb-12gb-de-ram-tela-de-6-8-galaxy-ai-titanio-preto_1735248459_original.jpg,https://images.kabum.com.br/produtos/fotos/520331/celular-samsung-galaxy-s24-ultra-512gb-12gb-de-ram-tela-de-6-8-galaxy-ai-titanio-preto_1735248459_m.jpg,https://www.kabum.com.br/produto/520331
galaxy s24,1015978,Usado - Samsung Galaxy S24 Ultra 256gb - Titanio Preto - Bom,usado-samsung-galaxy-s24-ultra-256gb-titanio-preto-bom,Samsung,Celular & Smartphone/Smartphones/iPhone/IPhone 15,OUTLET DO CELULAR,12470,3912.97,3912.97,0,0,0.0,0,True,True,False,False,https://images.kabum.com.br/produtos/fotos/sync_mirakl/1015978/Usado-Samsung-Galaxy-S24-Ultra-256gb-Titanio-Preto-Bom_1786131818.jpg,https://images.kabum.com.br/produtos/fotos/sync_mirakl/1015978/medium/Usado-Samsung-Galaxy-S24-Ultra-256gb-Titanio-Preto-Bom_1786131818.jpg,https://www.kabum.com.br/produto/1015978
galaxy s24,927946,Usado - Samsung Galaxy S24 256gb - Preto - Aceitável,usado-samsung-galaxy-s24-256gb-preto-aceitavel,Samsung,Celular & Smartphone/Smartphones/Samsung Galaxy/Galaxy S,OUTLET DO CELULAR,12470,2036.31,2036.31,0,0,0.0,0,True,True,False,False,https://images.kabum.com.br/produtos/fotos/sync_mirakl/927946/Usado-Samsung-Galaxy-S24-256gb-Preto-Aceit-vel_1786691937.jpg,https://images.kabum.com.br/produtos/fotos/sync_mirakl/927946/medium/Usado-Samsung-Galaxy-S24-256gb-Preto-Aceit-vel_1786691937.jpg,https://www.kabum.com.br/produto/927946
galaxy s24,927903,Usado - Samsung Galaxy S24 256gb - Preto - Excelente,usado-samsung-galaxy-s24-256gb-preto-excelente,Samsung,Celular & Smartphone/Smartphones/Samsung Galaxy/Galaxy S,OUTLET DO CELULAR,12470,2357.67,2357.67,0,0,0.0,0,True,True,False,False,https://images.kabum.com.br/produtos/fotos/sync_mirakl/927903/Usado-Samsung-Galaxy-S24-256gb-Preto-Excelente_1786691934.jpg,https://images.kabum.com.br/produtos/fotos/sync_mirakl/927903/medium/Usado-Samsung-Galaxy-S24-256gb-Preto-Excelente_1786691934.jpg,https://www.kabum.com.br/produto/927903
galaxy s24,885955,Usado - Samsung Galaxy S24 256GB - Creme - Bom,samsung-galaxy-s24-256gb-seminovo-creme,Samsung,Celular & Smartphone/Smartphones/Samsung Galaxy,KaBuM!,0,2676.97,2676.97,0,0,0.0,0,True,False,False,True,https://images.kabum.com.br/produtos/fotos/sync_mirakl/885955/Usado-Samsung-Galaxy-S24-256GB-Creme-Bom_1783965129.jpg,https://images.kabum.com.br/produtos/fotos/sync_mirakl/885955/medium/Usado-Samsung-Galaxy-S24-256GB-Creme-Bom_1783965129.jpg,https://www.kabum.com.br/produto/885955
galaxy s24,520298,"Smartphone Samsung Galaxy S24 Ultra, 5G, 256GB, 12GB RAM, Câmera 200MP, Tela 6.8"" 120Hz, S Pen, Cinza",smartphone-samsung-galaxy-s24-ultra-5g-256gb-12gb-ram-camera-200mp-tela-6-8-120hz-s-pen-cinza,Samsung,Celular & Smartphone/Smartphones/Samsung Galaxy/Galaxy S,MagaLu,1000,5998.89,5399.0,10,0,5.0,2,True,True,False,False,https://images.kabum.com.br/produtos/fotos/sync_mirakl/520298/Smartphone-Samsung-Galaxy-S24-Ultra-5G-256GB-12GB-RAM-C-mera-200MP-Tela-6-8-120Hz-S-Pen-Cinza_1751571292.jpg,https://images.kabum.com.br/produtos/fotos/sync_mirakl/520298/medium/Smartphone-Samsung-Galaxy-S24-Ultra-5G-256GB-12GB-RAM-C-mera-200MP-Tela-6-8-120Hz-S-Pen-Cinza_1751571292.jpg,https://www.kabum.com.br/produto/520298
galaxy s24,520342,"Celular Samsung Galaxy S24 Ultra, 512gb, 12gb De Ram, Tela De 6.8”, Galaxy Ai Titânio Cinza",celular-samsung-galaxy-s24-ultra-512gb-12gb-de-ram-tela-de-6-8-galaxy-ai-titanio-cinza,Samsung,Celular & Smartphone/Smartphones/Samsung Galaxy/Galaxy S,Magalu,1000,7899.0,7109.1,10,0,0.0,0,True,True,False,False,https://images.kabum.com.br/produtos/fotos/sync_mirakl/520342/Celular-Samsung-Galaxy-S24-Ultra-512gb-12gb-De-Ram-Tela-De-6-8-Galaxy-Ai-Tit-nio-Cinza_1777056013.jpg,https://images.kabum.com.br/produtos/fotos/sync_mirakl/520342/medium/Celular-Samsung-Galaxy-S24-Ultra-512gb-12gb-De-Ram-Tela-De-6-8-Galaxy-Ai-Tit-nio-Cinza_1777056013.jpg,https://www.kabum.com.br/produto/520342
galaxy s24,1072117,Usado -  Samsung S24 512 Gb Preto - Bom,usado-samsung-s24-512-gb-preto-bom,Samsung,Celular & Smartphone/Smartphones/Samsung Galaxy/Galaxy S,CELLULAR STORE,12838,2912.9,2912.9,0,0,0.0,0,True,True,False,False,https://images.kabum.com.br/produtos/fotos/sync_mirakl/1072117/Usado-Samsung-S24-512-Gb-Preto-Bom_1788980018.png,https://images.kabum.com.br/produtos/fotos/sync_mirakl/1072117/medium/Usado-Samsung-S24-512-Gb-Preto-Bom_1788980018.png,https://www.kabum.com.br/produto/1072117
galaxy s24,1066465,Celular Samsung Galaxy S24 Ultra 512 Gb 12gb Ram Recondicionado,celular-samsung-galaxy-s24-ultra-512-gb-12gb-ram-recondicionado,Samsung,Celular & Smartphone/Smartphones/Samsung Galaxy/Galaxy S,MERCADOONLINESP,3820,4989.99,4840.29,3,0,0.0,0,True,True,False,False,https://images.kabum.com.br/produtos/fotos/sync_mirakl/1066465/Celular-Samsung-Galaxy-S24-Ultra-512-Gb-12gb-Ram-Recondicionado_1787526813.jpg,https://images.kabum.com.br/produtos/fotos/sync_mirakl/1066465/medium/Celular-Samsung-Galaxy-S24-Ultra-512-Gb-12gb-Ram-Recondicionado_1787526813.jpg,https://www.kabum.com.br/produto/1066465
galaxy s24,1072122,Usado -  Samsung S24 Ultra 512 Gb Cinza - Bom,usado-samsung-s24-ultra-512-gb-cinza-bom,Samsung,Celular & Smartphone/Smartphones/Samsung Galaxy/Galaxy S,CELLULAR STORE,12838,3880.65,3880.65,0,0,0.0,0,True,True,False,False,https://images.kabum.com.br/produtos/fotos/sync_mirakl/1072122/Usado-Samsung-S24-Ultra-512-Gb-Cinza-Bom_1788980019.jpg,https://images.kabum.com.br/produtos/fotos/sync_mirakl/1072122/medium/Usado-Samsung-S24-Ultra-512-Gb-Cinza-Bom_1788980019.jpg,https://www.kabum.com.br/produto/1072122
galaxy s24,1015981,Usado - Samsung Galaxy S24 Ultra 256gb - Titanio Preto - Excelente,usado-samsung-galaxy-s24-ultra-256gb-titanio-preto-excelente,Samsung,Celular & Smartphone/Smartphones/iPhone/IPhone 15,OUTLET DO CELULAR,12470,4167.38,4167.38,0,0,0.0,0,True,True,False,False,https://images.kabum.com.br/produtos/fotos/sync_mirakl/1015981/Usado-Samsung-Galaxy-S24-Ultra-256gb-Titanio-Preto-Excelente_1786132125.jpg,https://images.kabum.com.br/produtos/fotos/sync_mirakl/1015981/medium/Usado-Samsung-Galaxy-S24-Ultra-256gb-Titanio-Preto-Excelente_1786132125.jpg,https://www.kabum.com.br/produto/1015981
galaxy s24,1015975,Usado - Samsung Galaxy S24 Ultra 256gb - Titanio Cinza - Bom,usado-samsung-galaxy-s24-ultra-256gb-titanio-cinza-bom,Samsung,Celular & Smartphone/Smartphones/iPhone/IPhone 15,OUTLET DO CELULAR,12470,3912.97,3912.97,0,0,0.0,0,True,True,False,False,https://images.kabum.com.br/produtos/fotos/sync_mirakl/1015975/Usado-Samsung-Galaxy-S24-Ultra-256gb-Titanio-Cinza-Bom_1786131824.jpg,https://images.kabum.com.br/produtos/fotos/sync_mirakl/1015975/medium/Usado-Samsung-Galaxy-S24-Ultra-256gb-Titanio-Cinza-Bom_1786131824.jpg,https://www.kabum.com.br/produto/1015975
galaxy s24,946406,Usado - Samsung Galaxy S24 Ultra 512gb - Titanio Cinza - Bom,samsung-galaxy-s24-ultra-512gb-usado-titanio-cinza,Samsung,Celular & Smartphone/Smartphones/Samsung Galaxy/Galaxy S,OUTLET DO CELULAR,2862875,4427.97,4427.97,0,0,0.0,0,True,True,False,True,https://images.kabum.com.br/produtos/fotos/sync_mirakl/946406/Usado-Samsung-Galaxy-S24-Ultra-512gb-Titanio-Cinza-Bom_1783965247.jpg,https://images.kabum.com.br/produtos/fotos/sync_mirakl/946406/medium/Usado-Samsung-Galaxy-S24-Ultra-512gb-Titanio-Cinza-Bom_1783965247.jpg,https://www.kabum.com.br/produto/946406
galaxy s24,1027882,Usado -  Samsung S24 Ultra 256 Gb Preto - Excelente,usado-samsung-s24-ultra-256-gb-preto-excelente,Samsung,Celular & Smartphone/Smartphones/Samsung Galaxy/Galaxy S,CELLULAR STORE,12838,3923.66,3923.66,0,0,0.0,0,True,True,False,False,https://images.kabum.com.br/produtos/fotos/sync_mirakl/1027882/Usado-Samsung-S24-Ultra-256-Gb-Preto-Excelente_1783965175.jpg,https://images.kabum.com.br/produtos/fotos/sync_mirakl/1027882/medium/Usado-Samsung-S24-Ultra-256-Gb-Preto-Excelente_1783965175.jpg,https://www.kabum.com.br/produto/1027882
galaxy s24,903894,Usado: Samsung S24 Fe 256 Gb Branco - Excelente,usado-samsung-s24-fe-256-gb-branco-excelente,Samsung,Celular & Smartphone/Smartphones/Samsung Galaxy/Galaxy S,CELLULAR STORE,12838,3294.32,2964.89,10,0,0.0,0,True,True,False,False,https://images.kabum.com.br/produtos/fotos/sync_mirakl/903894/Usado-Samsung-S24-Fe-256-Gb-Branco-Excelente_1770927271.jpg,https://images.kabum.com.br/produtos/fotos/sync_mirakl/903894/medium/Usado-Samsung-S24-Fe-256-Gb-Branco-Excelente_1770927271.jpg,https://www.kabum.com.br/produto/903894
galaxy s24,520464,"Capa Protetora Galaxy S24 Ultra, Transparente",capa-protetora-galaxy-s24-ultra-transparente,Samsung,Celular & Smartphone/Acessórios para Smartphones/Capas e Películas/Capas para Celular,MASTERCELL,3519,129.0,122.55,5,0,3.0,3,True,True,False,False,https://images.kabum.com.br/produtos/fotos/sync_mirakl/520464/Capa-Protetora-Galaxy-S24-Ultra-Transparente_1763412525.jpg,https://images.kabum.com.br/produtos/fotos/sync_mirakl/520464/medium/Capa-Protetora-Galaxy-S24-Ultra-Transparente_1763412525.jpg,https://www.kabum.com.br/produto/520464
galaxy s24,520643,"Capa Protetora Galaxy S24+, Transparente",capa-protetora-galaxy-s24-transparente,Samsung,Celular & Smartphone/Acessórios para Smartphones/Capas e Películas/Capas para Celular,ESQUIRE TECH STORE,6366,109.9,109.9,0,0,0.0,0,True,True,False,False,https://images.kabum.com.br/produtos/fotos/sync_mirakl/520643/Capa-Protetora-Galaxy-S24-Transparente_1759746815.jpg,https://images.kabum.com.br/produtos/fotos/sync_mirakl/520643/medium/Capa-Protetora-Galaxy-S24-Transparente_1759746815.jpg,https://www.kabum.com.br/produto/520643
galaxy s24,724790,"Monitor Gamer Samsung 24"" Essential S3, Full HD, 100Hz, 5ms, HDMI, VGA, Preto - Ls24d300galmzd",monitor-gamer-samsung-24-fhd-100-hz-hdmi-vga-preto-s3,Samsung,Computadores/Monitores/Monitor Gamer,TNTINFO,6773,557.78,502.0,10,1393,4.900000095367432,30,True,True,True,False,https://images.kabum.com.br/produtos/fotos/sync_mirakl/724790/Monitor-Gamer-Samsung-24-Essential-S3-Full-HD-100Hz-5ms-HDMI-VGA-Preto-Ls24d300galmzd_1786763026.jpg,https://images.kabum.com.br/produtos/fotos/sync_mirakl/724790/medium/Monitor-Gamer-Samsung-24-Essential-S3-Full-HD-100Hz-5ms-HDMI-VGA-Preto-Ls24d300galmzd_1786763026.jpg,https://www.kabum.com.br/produto/724790
galaxy s24,520478,"Capa Protetora Galaxy S24 Ultra, Flipsuit, Amarela",capa-protetora-galaxy-s24-ultra-flipsuit-amarela,Samsung,Celular & Smartphone/Acessórios para Smartphones/Capas e Películas/Capas para Celular,MASTERCELL,3519,249.0,249.0,0,0,0.0,0,True,True,False,False,https://images.kabum.com.br/produtos/fotos/sync_mirakl/520478/Capa-Protetora-Galaxy-S24-Ultra-Flipsuit-Amarela_1790072024.jpg,https://images.kabum.com.br/produtos/fotos/sync_mirakl/520478/medium/Capa-Protetora-Galaxy-S24-Ultra-Flipsuit-Amarela_1790072024.jpg,https://www.kabum.com.br/produto/520478
galaxy s24,957149,Capa Protetora Flipsuit Para Samsung Galaxy S24 Branca Ef-ms921cwegww,capa-protetora-flipsuit-para-samsung-galaxy-s24-branca-ef-ms921cwegww,Samsung,Celular & Smartphone/Acessórios para Smartphones/Capas e Películas/Capas para Celular,MASTERCELL,3519,46.0,43.7,5,0,0.0,0,True,True,False,False,https://images.kabum.com.br/produtos/fotos/sync_mirakl/957149/Capa-Protetora-Flipsuit-Para-Samsung-Galaxy-S24-Branca-Ef-ms921cwegww_1786384720.jpg,https://images.kabum.com.br/produtos/fotos/sync_mirakl/957149/medium/Capa-Protetora-Flipsuit-Para-Samsung-Galaxy-S24-Branca-Ef-ms921cwegww_1786384720.jpg,https://www.kabum.com.br/produto/957149
galaxy s24,876184,Caneta Samsung   S-pen Galaxy  S24 Ultra,caneta-samsung-s-pen-galaxy-s24-ultra,Samsung,Celular & Smartphone/Smartphones/Kits /Samsung ,TYRU SHOPs,10142,399.0,399.0,0,0,0.0,0,True,True,False,False,https://images.kabum.com.br/produtos/fotos/sync_mirakl/876184/Caneta-Samsung-S-pen-Galaxy-S24-Ultra_1748043886.png,https://images.kabum.com.br/produtos/fotos/sync_mirakl/876184/medium/Caneta-Samsung-S-pen-Galaxy-S24-Ultra_1748043886.png,https://www.kabum.com.br/produto/876184
galaxy s24,520462,"Capa Protetora Flipsuit Galaxy S24 Ultra, Branca",capa-protetora-flipsuit-galaxy-s24-ultra-branca,Samsung,Celular & Smartphone/Acessórios para Smartphones/Capas e Películas/Capas para Celular,MASTERCELL,3519,129.0,122.55,5,0,0.0,0,True,True,False,False,https://images.kabum.com.br/produtos/fotos/sync_mirakl/520462/Capa-Protetora-Flipsuit-Galaxy-S24-Ultra-Branca_1763412525.jpg,https://images.kabum.com.br/produtos/fotos/sync_mirakl/520462/medium/Capa-Protetora-Flipsuit-Galaxy-S24-Ultra-Branca_1763412525.jpg,https://www.kabum.com.br/produto/520462
galaxy s24,643728,Capa Protetora Transparente Galaxy S24 Fe Transparente,capa-protetora-transparente-galaxy-s24-fe-transparente,Samsung,Celular & Smartphone/Acessórios para Smartphones/Capas e Películas/Capas para Celular,MASTERCELL,3519,39.0,37.05,5,0,0.0,0,True,True,False,False,https://images.kabum.com.br/produtos/fotos/sync_mirakl/643728/Capa-Protetora-Transparente-Galaxy-S24-Fe-Transparente_1763412523.jpg,https://images.kabum.com.br/produtos/fotos/sync_mirakl/643728/medium/Capa-Protetora-Transparente-Galaxy-S24-Fe-Transparente_1763412523.jpg,https://www.kabum.com.br/produto/643728
galaxy s24,1051906,Capa Protetora Robusta Galaxy S24 Ultra S928,capa-protetora-robusta-galaxy-s24-ultra-s928,Samsung,Celular & Smartphone/Acessórios para Smartphones/Capas e Películas/Capas para Celular,HARS Celulares e Acessórios LTDA,3764,479.0,479.0,0,0,0.0,0,True,True,False,False,https://images.kabum.com.br/produtos/fotos/sync_mirakl/1051906/Capa-Protetora-Robusta-Galaxy-S24-Ultra-S928_1782215318.jpg,https://images.kabum.com.br/produtos/fotos/sync_mirakl/1051906/medium/Capa-Protetora-Robusta-Galaxy-S24-Ultra-S928_1782215318.jpg,https://www.kabum.com.br/produto/1051906
galaxy z fold8,1072797,Cabo Samsung Usb-c Pra Usb-c Galaxy Z Fold8 Ultra Z Flip8,cabo-samsung-usb-c-pra-usb-c-galaxy-z-fold8-ultra-z-flip8,Samsung,Celular & Smartphone/Acessórios para Smartphones/Cabos,TYRU SHOPs,10142,24.99,24.99,0,0,0.0,0,True,True,False,False,https://images.kabum.com.br/produtos/fotos/sync_mirakl/1072797/Cabo-Samsung-Usb-c-Pra-Usb-c-Galaxy-Z-Fold8-Ultra-Z-Flip8_1789061634.png,https://images.kabum.com.br/produtos/fotos/sync_mirakl/1072797/medium/Cabo-Samsung-Usb-c-Pra-Usb-c-Galaxy-Z-Fold8-Ultra-Z-Flip8_1789061634.png,https://www.kabum.com.br/produto/1072797
galaxy a57,1032826,"Smartphone Samsung Galaxy A57 128GB 5G 8GB RAM Azul Claro 6,7"" Câm Tripla + Selfie 12MP",smartphone-samsung-galaxy-a57-128gb-5g-8gb-ram-azul-claro-6-7-cam-tripla-selfie-12mp,Samsung,Celular & Smartphone/Smartphones/Samsung Galaxy/Galaxy A,Magalu,1000,2110.0,1799.0,10,0,0.0,0,True,True,False,False,https://images.kabum.com.br/produtos/fotos/magalu/1032826/Smartphone-Samsung-Galaxy-A57-128GB-5G-8GB-RAM-Azul-Claro-6-7-C-m-Tripla-Selfie-12MP_1777395092.jpg,https://images.kabum.com.br/produtos/fotos/magalu/1032826/medium/Smartphone-Samsung-Galaxy-A57-128GB-5G-8GB-RAM-Azul-Claro-6-7-C-m-Tripla-Selfie-12MP_1777395092.jpg,https://www.kabum.com.br/produto/1032826
galaxy a57,1032825,"Smartphone Samsung Galaxy A57 128GB 5G 8GB RAM Cinza 6,7"" Câm Tripla + Selfie 12MP",smartphone-samsung-galaxy-a57-128gb-5g-8gb-ram-cinza-6-7-cam-tripla-selfie-12mp,Samsung,Celular & Smartphone/Smartphones/Samsung Galaxy/Galaxy A,Magalu,1000,2110.0,1799.0,10,0,0.0,0,True,True,False,False,https://images.kabum.com.br/produtos/fotos/magalu/1032825/Smartphone-Samsung-Galaxy-A57-128GB-5G-8GB-RAM-Cinza-6-7-C-m-Tripla-Selfie-12MP_1777394962.jpg,https://images.kabum.com.br/produtos/fotos/magalu/1032825/medium/Smartphone-Samsung-Galaxy-A57-128GB-5G-8GB-RAM-Cinza-6-7-C-m-Tripla-Selfie-12MP_1777394962.jpg,https://www.kabum.com.br/produto/1032825
galaxy a57,1032820,"Celular Smartphone Samsung Galaxy A57 5g, 128GB, Ram 8GB, Câmera Tripla, Tela 6.7"" Super AmoLED, Ip68, Azul Escuro",celular-smartphone-samsung-galaxy-a57-5g-128gb-ram-8gb-camera-tripla-tela-6-7-super-amoled-ip68-azul-escuro,Samsung,Celular & Smartphone/Smartphones/Samsung Galaxy/Galaxy A,PRIMETEK,2338,2111.0,1899.9,10,61,0.0,0,True,True,True,False,https://images.kabum.com.br/produtos/fotos/sync_mirakl/1032820/Celular-Smartphone-Samsung-Galaxy-A57-5g-128GB-Ram-8GB-C-mera-Tripla-Tela-6-7-Super-AmoLED-Ip68-Azul-Escuro_1787746419.jpg,https://images.kabum.com.br/produtos/fotos/sync_mirakl/1032820/medium/Celular-Smartphone-Samsung-Galaxy-A57-5g-128GB-Ram-8GB-C-mera-Tripla-Tela-6-7-Super-AmoLED-Ip68-Azul-Escuro_1787746419.jpg,https://www.kabum.com.br/produto/1032820
galaxy a57,1032822,"Smartphone Samsung Galaxy A57 128GB 5G 8GB RAM Lilás 6,7"" Câm Tripla + Selfie 12MP",smartphone-samsung-galaxy-a57-128gb-5g-8gb-ram-lilas-6-7-cam-tripla-selfie-12mp,Samsung,Celular & Smartphone/Smartphones/Samsung Galaxy/Galaxy A,Magalu,1000,2110.0,1799.0,10,0,0.0,0,True,True,False,False,https://images.kabum.com.br/produtos/fotos/magalu/1032822/Smartphone-Samsung-Galaxy-A57-128GB-5G-8GB-RAM-Lil-s-6-7-C-m-Tripla-Selfie-12MP_1777316883.jpg,https://images.kabum.com.br/produtos/fotos/magalu/1032822/medium/Smartphone-Samsung-Galaxy-A57-128GB-5G-8GB-RAM-Lil-s-6-7-C-m-Tripla-Selfie-12MP_1777316883.jpg,https://www.kabum.com.br/produto/1032822
galaxy a57,1032818,"Smartphone Samsung Galaxy A57 5G, 256GB, 8GB RAM, Câmera Tripla 50MP, Tela 6.7"", Azul Claro",smartphone-samsung-galaxy-a57-5g-256gb-8gb-ram-camera-tripla-50mp-tela-6-7-azul-claro,Samsung,Celular & Smartphone/Smartphones/Samsung Galaxy/Galaxy A,Magalu,1000,2776.67,2299.0,10,0,0.0,0,True,True,False,False,https://images.kabum.com.br/produtos/fotos/sync_mirakl/1032818/Smartphone-Samsung-Galaxy-A57-5G-256GB-8GB-RAM-C-mera-Tripla-50MP-Tela-6-7-Azul-Claro_1788383015.jpg,https://images.kabum.com.br/produtos/fotos/sync_mirakl/1032818/medium/Smartphone-Samsung-Galaxy-A57-5G-256GB-8GB-RAM-C-mera-Tripla-50MP-Tela-6-7-Azul-Claro_1788383015.jpg,https://www.kabum.com.br/produto/1032818
galaxy a57,1032823,Smartphone Galaxy A57 5g 256gb 8GB Ram Samsung Cinza,smartphone-galaxy-a57-5g-256gb-8gb-ram-samsung-cinza,Samsung,Celular & Smartphone/Smartphones/Samsung Galaxy/Galaxy A,MagaLu,1000,2776.67,2299.0,10,0,0.0,0,True,True,False,False,https://images.kabum.com.br/produtos/fotos/sync_mirakl/1032823/Smartphone-Galaxy-A57-5g-256gb-8GB-Ram-Samsung-Cinza_1787915616.jpg,https://images.kabum.com.br/produtos/fotos/sync_mirakl/1032823/medium/Smartphone-Galaxy-A57-5g-256gb-8GB-Ram-Samsung-Cinza_1787915616.jpg,https://www.kabum.com.br/produto/1032823
galaxy a57,1032833,Smartphone Samsung Galaxy A57 5g 256gb 8GB Ram Azul Escuro,smartphone-samsung-galaxy-a57-5g-256gb-8gb-ram-azul-escuro,Samsung,Celular & Smartphone/Smartphones/Samsung Galaxy/Galaxy A,MagaLu,1000,2554.44,2299.0,10,0,0.0,0,True,True,False,False,https://images.kabum.com.br/produtos/fotos/sync_mirakl/1032833/Smartphone-Samsung-Galaxy-A57-5g-256gb-8GB-Ram-Azul-Escuro_1788895714.jpg,https://images.kabum.com.br/produtos/fotos/sync_mirakl/1032833/medium/Smartphone-Samsung-Galaxy-A57-5g-256gb-8GB-Ram-Azul-Escuro_1788895714.jpg,https://www.kabum.com.br/produto/1032833
galaxy a57,1032821,"Smartphone Samsung Galaxy A57, 256gb, 5g, Câmera 50mp, Ram 8GB, Tela 6.7"", Lilás",smartphone-samsung-galaxy-a57-256gb-5g-camera-50mp-ram-8gb-tela-6-7-lilas,Samsung,Celular & Smartphone/Smartphones/Samsung Galaxy/Galaxy A,Magalu,1000,2554.44,2299.0,10,0,0.0,0,True,True,False,False,https://images.kabum.com.br/produtos/fotos/sync_mirakl/1032821/Smartphone-Samsung-Galaxy-A57-256gb-5g-C-mera-50mp-Ram-8GB-Tela-6-7-Lil-s_1788383015.jpg,https://images.kabum.com.br/produtos/fotos/sync_mirakl/1032821/medium/Smartphone-Samsung-Galaxy-A57-256gb-5g-C-mera-50mp-Ram-8GB-Tela-6-7-Lil-s_1788383015.jpg,https://www.kabum.com.br/produto/1032821
galaxy a57,1060375,"Celular Samsung Galaxy A57 5g, 128GB, 8GB Ram, Câmera 50mp, Ip68, Super AmoLED 6.7"", Recursos Ai - Cinza",celular-samsung-galaxy-a57-5g-128gb-8gb-ram-camera-50mp-ip68-super-amoled-6-7-recursos-ai-cinza,Samsung,Celular & Smartphone/Smartphones/Samsung Galaxy/Galaxy A,J&J,15584,2899.99,2841.99,2,0,0.0,0,True,True,False,False,https://images.kabum.com.br/produtos/fotos/sync_mirakl/1060375/Celular-Samsung-Galaxy-A57-5g-128GB-8GB-Ram-C-mera-50mp-Ip68-Super-AmoLED-6-7-Recursos-Ai-Cinza_1785172418.webp,https://images.kabum.com.br/produtos/fotos/sync_mirakl/1060375/medium/Celular-Samsung-Galaxy-A57-5g-128GB-8GB-Ram-C-mera-50mp-Ip68-Super-AmoLED-6-7-Recursos-Ai-Cinza_1785172418.webp,https://www.kabum.com.br/produto/1060375
galaxy a57,1054365,Smartphone Samsung A57 Ee Cinza 5g 8 256 Sm-a576bzacleb,smartphone-samsung-a57-ee-cinza-5g-8-256-sm-a576bzacleb,Samsung,Celular & Smartphone/Smartphones/Samsung Galaxy/Galaxy A,AQUI QUE TEM,3963,4220.99,4220.99,0,0,0.0,0,True,True,False,False,https://images.kabum.com.br/produtos/fotos/sync_mirakl/1054365/Smartphone-Samsung-A57-Ee-Cinza-5g-8-256-Sm-a576bzacleb_1786627137.jpg,https://images.kabum.com.br/produtos/fotos/sync_mirakl/1054365/medium/Smartphone-Samsung-A57-Ee-Cinza-5g-8-256-Sm-a576bzacleb_1786627137.jpg,https://www.kabum.com.br/produto/1054365
galaxy a57,1072796,Cabo   Samsung Usb-c Pra Usb-c A17 A36 A37 A26 A56 A57,cabo-samsung-usb-c-pra-usb-c-a17-a36-a37-a26-a56-a57,Samsung,Celular & Smartphone/Acessórios para Smartphones/Cabos,TYRU SHOPs,10142,24.99,24.99,0,0,0.0,0,True,True,False,False,https://images.kabum.com.br/produtos/fotos/sync_mirakl/1072796/Cabo-Samsung-Usb-c-Pra-Usb-c-A17-A36-A37-A26-A56-A57_1789061629.png,https://images.kabum.com.br/produtos/fotos/sync_mirakl/1072796/medium/Cabo-Samsung-Usb-c-Pra-Usb-c-A17-A36-A37-A26-A56-A57_1789061629.png,https://www.kabum.com.br/produto/1072796
galaxy a37,1032831,"Smartphone Samsung Galaxy A37 256gb 8GB Câmera Tripla Tela 6.7""",smartphone-samsung-galaxy-a37-256gb-8gb-camera-tripla-tela-6-7-,Samsung,Celular & Smartphone/Smartphones/Samsung Galaxy/Galaxy A,Magalu,1000,2098.89,1889.0,10,0,5.0,1,True,True,False,False,https://images.kabum.com.br/produtos/fotos/sync_mirakl/1032831/Smartphone-Samsung-Galaxy-A37-256gb-8GB-C-mera-Tripla-Tela-6-7-_1787746417.jpg,https://images.kabum.com.br/produtos/fotos/sync_mirakl/1032831/medium/Smartphone-Samsung-Galaxy-A37-256gb-8GB-C-mera-Tripla-Tela-6-7-_1787746417.jpg,https://www.kabum.com.br/produto/1032831
galaxy a37,1032832,"Smartphone Galaxy A37 256gb 6,7 8GB Câmera Tripla Samsung",smartphone-galaxy-a37-256gb-6-7-8gb-camera-tripla-samsung,Samsung,Celular & Smartphone/Smartphones/Samsung Galaxy/Galaxy A,Magalu,1000,2098.89,1889.0,10,0,0.0,0,True,True,False,False,https://images.kabum.com.br/produtos/fotos/sync_mirakl/1032832/Smartphone-Galaxy-A37-256gb-6-7-8GB-C-mera-Tripla-Samsung_1787915614.jpg,https://images.kabum.com.br/produtos/fotos/sync_mirakl/1032832/medium/Smartphone-Galaxy-A37-256gb-6-7-8GB-C-mera-Tripla-Samsung_1787915614.jpg,https://www.kabum.com.br/produto/1032832
galaxy a37,1032824,"Smartphone Samsung Galaxy A37 Com 5g, Câmera Tripla E 256 Gb",smartphone-samsung-galaxy-a37-com-5g-camera-tripla-e-256-gb,Samsung,Celular & Smartphone/Smartphones/Samsung Galaxy/Galaxy A,MagaLu,1000,2098.89,1889.0,10,0,0.0,0,True,True,False,False,https://images.kabum.com.br/produtos/fotos/sync_mirakl/1032824/Smartphone-Samsung-Galaxy-A37-Com-5g-C-mera-Tripla-E-256-Gb_1784224721.jpg,https://images.kabum.com.br/produtos/fotos/sync_mirakl/1032824/medium/Smartphone-Samsung-Galaxy-A37-Com-5g-C-mera-Tripla-E-256-Gb_1784224721.jpg,https://www.kabum.com.br/produto/1032824
galaxy a37,1032829,"Smartphone Samsung Galaxy A37 128GB 5G 6GB RAM Branco 6,7"" Câm Tripla + Selfie 12MP",smartphone-samsung-galaxy-a37-128gb-5g-6gb-ram-branco-6-7-cam-tripla-selfie-12mp,Samsung,Celular & Smartphone/Smartphones/Samsung Galaxy/Galaxy A,Magalu,1000,1999.0,1699.0,10,0,0.0,0,True,True,False,False,https://images.kabum.com.br/produtos/fotos/magalu/1032829/Smartphone-Samsung-Galaxy-A37-128GB-5G-6GB-RAM-Branco-6-7-C-m-Tripla-Selfie-12MP_1777395285.jpg,https://images.kabum.com.br/produtos/fotos/magalu/1032829/medium/Smartphone-Samsung-Galaxy-A37-128GB-5G-6GB-RAM-Branco-6-7-C-m-Tripla-Selfie-12MP_1777395285.jpg,https://www.kabum.com.br/produto/1032829
galaxy a37,1032827,"Smartphone Galaxy A37 256gb 6,7 8GB Câmera Tripla Samsung",smartphone-galaxy-a37-256gb-6-7-8gb-camera-tripla-samsung,Samsung,Celular & Smartphone/Smartphones/Samsung Galaxy/Galaxy A,Magalu,1000,2098.89,1889.0,10,0,0.0,0,True,True,False,False,https://images.kabum.com.br/produtos/fotos/sync_mirakl/1032827/Smartphone-Galaxy-A37-256gb-6-7-8GB-C-mera-Tripla-Samsung_1789652926.jpg,https://images.kabum.com.br/produtos/fotos/sync_mirakl/1032827/medium/Smartphone-Galaxy-A37-256gb-6-7-8GB-C-mera-Tripla-Samsung_1789652926.jpg,https://www.kabum.com.br/produto/1032827
galaxy a37,1032828,"Smartphone Samsung Galaxy A37 128GB 5G 6GB RAM Lavanda 6,7"" Câm Tripla + Selfie 12MP",smartphone-samsung-galaxy-a37-128gb-5g-6gb-ram-lavanda-6-7-cam-tripla-selfie-12mp,Samsung,Celular & Smartphone/Smartphones/Samsung Galaxy/Galaxy A,Magalu,1000,1999.0,1699.0,10,0,0.0,0,True,True,False,False,https://images.kabum.com.br/produtos/fotos/magalu/1032828/Smartphone-Samsung-Galaxy-A37-128GB-5G-6GB-RAM-Lavanda-6-7-C-m-Tripla-Selfie-12MP_1777395200.jpg,https://images.kabum.com.br/produtos/fotos/magalu/1032828/medium/Smartphone-Samsung-Galaxy-A37-128GB-5G-6GB-RAM-Lavanda-6-7-C-m-Tripla-Selfie-12MP_1777395200.jpg,https://www.kabum.com.br/produto/1032828
galaxy a37,1032830,"Smartphone Samsung Galaxy A37 128GB 5G 6GB RAM Verde 6,7"" Câm Tripla + Selfie 12MP",smartphone-samsung-galaxy-a37-128gb-5g-6gb-ram-verde-6-7-cam-tripla-selfie-12mp,Samsung,Celular & Smartphone/Smartphones/Samsung Galaxy/Galaxy A,Magalu,1000,1999.0,1699.0,10,0,0.0,0,True,True,False,False,https://images.kabum.com.br/produtos/fotos/magalu/1032830/Smartphone-Samsung-Galaxy-A37-128GB-5G-6GB-RAM-Verde-6-7-C-m-Tripla-Selfie-12MP_1777316945.jpg,https://images.kabum.com.br/produtos/fotos/magalu/1032830/medium/Smartphone-Samsung-Galaxy-A37-128GB-5G-6GB-RAM-Verde-6-7-C-m-Tripla-Selfie-12MP_1777316945.jpg,https://www.kabum.com.br/produto/1032830
galaxy a37,1029845,"Celular Samsung Galaxy A37 5g 256gb, 8GB Ram, Câmera Tripla 50mp, Super AmoLED 6.7”, Recursos Ai Verde - 256 Gb",celular-samsung-galaxy-a37-5g-256gb-8gb-ram-camera-tripla-50mp-super-amoled-6-7-recursos-ai-verde-256-gb,Samsung,Celular & Smartphone/Smartphones/Samsung Galaxy/Galaxy A,CARREFOUR,3490,2308.8,2308.8,0,0,0.0,0,True,True,False,False,https://images.kabum.com.br/produtos/fotos/sync_mirakl/1029845/Celular-Samsung-Galaxy-A37-5g-256gb-8GB-Ram-C-mera-Tripla-50mp-Super-AmoLED-6-7-Recursos-Ai-Verde-256-Gb_1788180518.jpg,https://images.kabum.com.br/produtos/fotos/sync_mirakl/1029845/medium/Celular-Samsung-Galaxy-A37-5g-256gb-8GB-Ram-C-mera-Tripla-50mp-Super-AmoLED-6-7-Recursos-Ai-Verde-256-Gb_1788180518.jpg,https://www.kabum.com.br/produto/1029845
galaxy a37,1029839,"Celular Samsung Galaxy A37 5g 128GB, 6gb Ram, Câmera Tripla 50mp, Super AmoLED 6.7”, Recursos Ai Preto - 128 Gb",celular-samsung-galaxy-a37-5g-128gb-6gb-ram-camera-tripla-50mp-super-amoled-6-7-recursos-ai-preto-128-gb,Samsung,Celular & Smartphone/Smartphones/Samsung Galaxy/Galaxy A,CARREFOUR,3490,1993.8,1993.8,0,0,0.0,0,True,True,False,False,https://images.kabum.com.br/produtos/fotos/sync_mirakl/1029839/Celular-Samsung-Galaxy-A37-5g-128GB-6gb-Ram-C-mera-Tripla-50mp-Super-AmoLED-6-7-Recursos-Ai-Preto-128-Gb_1789399117.jpg,https://images.kabum.com.br/produtos/fotos/sync_mirakl/1029839/medium/Celular-Samsung-Galaxy-A37-5g-128GB-6gb-Ram-C-mera-Tripla-50mp-Super-AmoLED-6-7-Recursos-Ai-Preto-128-Gb_1789399117.jpg,https://www.kabum.com.br/produto/1029839
galaxy a37,1057535,"Smartphone Galaxy A37 5g 128GB 6gb Ram Tela 6,7 Samsung",smartphone-galaxy-a37-5g-128gb-6gb-ram-tela-6-7-samsung,Samsung,Celular & Smartphone/Smartphones/Samsung Galaxy/Galaxy A,WORLDTRONICS,7979,2499.0,2499.0,0,0,0.0,0,True,True,False,False,https://images.kabum.com.br/produtos/fotos/sync_mirakl/1057535/Smartphone-Galaxy-A37-5g-128GB-6gb-Ram-Tela-6-7-Samsung_1787167130.jpg,https://images.kabum.com.br/produtos/fotos/sync_mirakl/1057535/medium/Smartphone-Galaxy-A37-5g-128GB-6gb-Ram-Tela-6-7-Samsung_1787167130.jpg,https://www.kabum.com.br/produto/1057535
galaxy a37,1059426,"Smartphone Samsung Galaxy A37 5g 128GB 6gb Ram Tela 6,7"" Super AmoLED 120hz Câmera 50mp Nfc Bateria 5000mah Preto",smartphone-samsung-galaxy-a37-5g-128gb-6gb-ram-tela-6-7-super-amoled-120hz-camera-50mp-nfc-bateria-5000mah-preto,Samsung,Celular & Smartphone/Smartphones/Samsung Galaxy/Galaxy A,TUDOSMART,10289,2489.0,2489.0,0,0,0.0,0,True,True,False,False,https://images.kabum.com.br/produtos/fotos/sync_mirakl/1059426/Smartphone-Samsung-Galaxy-A37-5g-128GB-6gb-Ram-Tela-6-7-Super-AmoLED-120hz-C-mera-50mp-Nfc-Bateria-5000mah-Preto_1784642627.png,https://images.kabum.com.br/produtos/fotos/sync_mirakl/1059426/medium/Smartphone-Samsung-Galaxy-A37-5g-128GB-6gb-Ram-Tela-6-7-Super-AmoLED-120hz-C-mera-50mp-Nfc-Bateria-5000mah-Preto_1784642627.png,https://www.kabum.com.br/produto/1059426
