termo_busca;id;nome;modelo;categoria;sub_categoria;familia;preco_original;preco_venda;desconto;moeda;estoque;avaliacao;qtd_avaliacoes;data_lancamento;url;imagem
Galaxy S26;SM-S942BZVUZTO;Galaxy S26;SM-S942BZVUZTO;Mobile;Smartphones;Galaxy S26;9099.0;8189.1;10.0;BRL;inStock;4.7;2607;2026-02-25 00:00:00;/br/smartphones/galaxy-s/galaxy-s26-cobalt-violet-512gb-sm-s942bzvuzto/;
Galaxy S26;SM-S741BLGKZTO;Galaxy S26 FE;SM-S741BLGKZTO;Mobile;Smartphones;Galaxy S26 FE;6299.0;5669.1;10.0;BRL;inStock;5.0;60;2026-08-27 00:00:00;/br/smartphones/galaxy-s/galaxy-s26-fe-pistachio-256gb-sm-s741blgkzto/;
Galaxy S26;SM-S948BZVKZTO;Galaxy S26 Ultra;SM-S948BZVKZTO;Mobile;Smartphones;Galaxy S26 Ultra;13099.0;11789.1;10.0;BRL;inStock;4.8;34618;2026-02-25 00:00:00;/br/smartphones/galaxy-s/galaxy-s26-ultra-cobalt-violet-512gb-sm-s948bzvkzto/;
Galaxy S26;SM-S948BZDKZTO;Galaxy S26 Ultra (Exclusiva Samsung.com);SM-S948BZDKZTO;Mobile;Smartphones;Galaxy S26 Ultra (Exclusiva Samsung.com);13099.0;11789.1;10.0;BRL;inStock;4.8;34618;2026-02-25 00:00:00;/br/smartphones/galaxy-s/galaxy-s26-ultra-pink-gold-512gb-sm-s948bzdkzto/;
Galaxy S26;SM-S947BZVKZTO;Galaxy S26+;SM-S947BZVKZTO;Mobile;Smartphones;Galaxy S26+;10799.0;9719.1;10.0;BRL;inStock;4.8;2206;2026-02-25 00:00:00;/br/smartphones/galaxy-s/galaxy-s26-plus-cobalt-violet-512gb-sm-s947bzvkzto/;
Galaxy S26;SM-S947BZDKZTO;Galaxy S26+ (Exclusiva Samsung.com);SM-S947BZDKZTO;Mobile;Smartphones;Galaxy S26+ (Exclusiva Samsung.com);10799.0;9719.1;10.0;BRL;inStock;4.8;2206;2026-02-25 00:00:00;/br/smartphones/galaxy-s/galaxy-s26-plus-pink-gold-512gb-sm-s947bzdkzto/;
Galaxy S26;SM-S942BZDUZTO;Galaxy S26 (Exclusiva Samsung.com);SM-S942BZDUZTO;Mobile;Smartphones;Galaxy S26 (Exclusiva Samsung.com);9099.0;8189.1;10.0;BRL;inStock;4.7;2607;2026-02-25 00:00:00;/br/smartphones/galaxy-s/galaxy-s26-pink-gold-512gb-sm-s942bzduzto/;
Galaxy S25;SM-S931BLBKZTO;Galaxy S25;SM-S931BLBKZTO;Mobile;Smartphones;Galaxy S25;7299.0;6569.1;10.0;BRL;inStock;4.7;19191;2025-01-22 00:00:00;/br/smartphones/galaxy-s/galaxy-s25-icyblue-256gb-sm-s931blbkzto/;
Galaxy S25;SM-S938BAKKZTO;Galaxy S25 Ultra (Exclusiva Samsung.com);SM-S938BAKKZTO;Mobile;Smartphones;Galaxy S25 Ultra (Exclusiva Samsung.com);6899.0;6209.1;10.0;BRL;inStock;4.8;33229;2025-01-22 00:00:00;/br/smartphones/galaxy-s/galaxy-s25-ultra-titanium-jetblack-512gb-sm-s938bakkzto/;
Galaxy S25;SM-S938BZBKZTO;Galaxy S25 Ultra;SM-S938BZBKZTO;Mobile;Smartphones;Galaxy S25 Ultra;6899.0;6209.1;10.0;BRL;inStock;4.8;33229;2025-01-22 00:00:00;/br/smartphones/galaxy-s/galaxy-s25-ultra-titanium-silverblue-512gb-sm-s938bzbkzto/;
Galaxy S25;SM-S731BDBKZTO;Galaxy S25 FE;SM-S731BDBKZTO;Mobile;Smartphones;Galaxy S25 FE;5799.0;5219.1;10.0;BRL;inStock;4.7;5088;2025-09-24 00:00:00;/br/smartphones/galaxy-s/galaxy-s25-fe-navy-256gb-sm-s731bdbkzto/;
Galaxy S25;SM-S936BDBJZTO;Galaxy S25+;SM-S936BDBJZTO;Mobile;Smartphones;Galaxy S25+;7999.0;7199.1;10.0;BRL;inStock;4.6;5153;2025-01-22 00:00:00;/br/smartphones/galaxy-s/galaxy-s25-plus-navy-256gb-sm-s936bdbjzto/;
Galaxy S25;SM-S937BZSKZTO;Galaxy S25 Edge;SM-S937BZSKZTO;Mobile;Smartphones;Galaxy S25 Edge;10599.0;9539.1;10.0;BRL;inStock;4.7;2677;2025-05-13 00:00:00;/br/smartphones/galaxy-s/galaxy-s25-edge-titanium-silver-512gb-sm-s937bzskzto/;
Galaxy S25;SM-S931BZKKZTO;Galaxy S25 (Exclusiva Samsung.com);SM-S931BZKKZTO;Mobile;Smartphones;Galaxy S25 (Exclusiva Samsung.com);;;;;;4.7;19191;2025-01-22 00:00:00;/br/smartphones/galaxy-s/galaxy-s25-blueblack-256gb-sm-s931bzkkzto/;
Galaxy S25;SM-S936BZKSZTO;Galaxy S25+ (Exclusiva Samsung.com);SM-S936BZKSZTO;Mobile;Smartphones;Galaxy S25+ (Exclusiva Samsung.com);;;;;;4.6;5153;2025-01-22 00:00:00;/br/smartphones/galaxy-s/galaxy-s25-plus-blueblack-512gb-sm-s936bzkszto/;
Galaxy Z Fold8;SM-F971BLVXZTO;Galaxy Z Fold8;SM-F971BLVXZTO;Mobile;Smartphones;Galaxy Z Fold8;14199.0;12779.1;10.0;BRL;inStock;4.8;3653;2026-07-22 00:00:00;/br/smartphones/galaxy-z/galaxy-z-fold8-lavender-512gb-sm-f971blvxzto/;
Galaxy Z Fold8;SM-F976BZVXZTO;Galaxy Z Fold8 Ultra;SM-F976BZVXZTO;Mobile;Smartphones;Galaxy Z Fold8 Ultra;16199.0;14579.1;10.0;BRL;inStock;4.9;3403;2026-07-22 00:00:00;/br/smartphones/galaxy-z/galaxy-z-fold8-ultra-violet-shadow-512gb-sm-f976bzvxzto/;
Galaxy Z Fold8;SM-F976BDGXZTO;Galaxy Z Fold8 Ultra (Exclusiva Samsung.com);SM-F976BDGXZTO;Mobile;Smartphones;Galaxy Z Fold8 Ultra (Exclusiva Samsung.com);16199.0;14579.1;10.0;BRL;inStock;4.9;3389;2026-07-22 00:00:00;/br/smartphones/galaxy-z/galaxy-z-fold8-ultra-green-shadow-512gb-sm-f976bdgxzto/;
Galaxy Z Fold8;SM-F971BZGXZTO;Galaxy Z Fold8 (Exclusiva Samsung.com);SM-F971BZGXZTO;Mobile;Smartphones;Galaxy Z Fold8 (Exclusiva Samsung.com);14199.0;12779.1;10.0;BRL;inStock;4.9;3025;2026-07-22 00:00:00;/br/smartphones/galaxy-z/galaxy-z-fold8-pistachio-512gb-sm-f971bzgxzto/;
Galaxy Z Flip8;SM-F776BLIXZTO;Galaxy Z Flip8;SM-F776BLIXZTO;Mobile;Smartphones;Galaxy Z Flip8;10799.0;9719.1;10.0;BRL;inStock;4.9;1278;2026-07-22 00:00:00;/br/smartphones/galaxy-z/galaxy-z-flip8-pink-512gb-sm-f776blixzto/;
Galaxy Z Flip8;SM-F776BLGXZTO;Galaxy Z Flip8 (Exclusiva Samsung.com);SM-F776BLGXZTO;Mobile;Smartphones;Galaxy Z Flip8 (Exclusiva Samsung.com);10799.0;9719.1;10.0;BRL;inStock;4.9;1278;2026-07-22 00:00:00;/br/smartphones/galaxy-z/galaxy-z-flip8-mint-512gb-sm-f776blgxzto/;
Galaxy A57;SM-A576BZAEZTO;Galaxy A57 5G (128GB);SM-A576BZAEZTO;Mobile;Smartphones;Galaxy A57 5G;3599.0;3239.1;11.0;BRL;inStock;4.7;2216;2026-04-15 00:00:00;/br/smartphones/galaxy-a/galaxy-a57-5g-awesome-gray-128gb-sm-a576bzaezto/;
Galaxy A37;SM-A376BZAJZTO;Galaxy A37 5G (128GB);SM-A376BZAJZTO;Mobile;Smartphones;Galaxy A37 5G;3299.0;2969.1;11.0;BRL;inStock;4.7;823;2026-04-15 00:00:00;/br/smartphones/galaxy-a/galaxy-a37-5g-awesome-charcoal-128gb-sm-a376bzajzto/;
